game,feature,non_missing_rate,non_zero_rate,variance
ApexSpeed,[general]time_passed,1.0,0.9978076429488093,0.0835888077807116
ApexSpeed,[general]input_intensity,1.0,0.5901896477969485,0.06169570885055178
ApexSpeed,[general]input_diversity,1.0,0.5863753030086981,0.09732148247908683
ApexSpeed,[general]activity,1.0,0.5907065449878797,0.16358190727020752
ApexSpeed,[general]score,1.0,0.9378653928418651,0.09123366613729632
ApexSpeed,[general]bot_count,1.0,0.18702766291173534,0.07648505439921519
ApexSpeed,[general]bot_diversity,1.0,0.18702766291173534,0.15203095682171974
ApexSpeed,[general]bot_movement,1.0,0.18702766291173534,0.02616501318032157
ApexSpeed,[general]player_movement,1.0,0.9978789391130757,0.02659852379997174
ApexSpeed,[general]object_intensity,1.0,0.9000606017396264,0.07385289013103039
ApexSpeed,[general]object_diversity,1.0,0.9000606017396264,0.1169835876567715
ApexSpeed,[general]event_intensity,1.0,0.7000035648082134,0.040244571849147204
ApexSpeed,[general]event_diversity,1.0,0.7000035648082134,0.04179926499070357
ApexSpeed,key_press_count,1.0,0.5901896477969485,0.06169570885055178
ApexSpeed,idle_time,1.0,0.7839191501497219,0.16358190727020755
ApexSpeed,player_score,1.0,0.9378653928418651,0.09123366613729632
ApexSpeed,player_kill_count,0.0,0.0,
ApexSpeed,player_speed_x,0.0,0.0,
ApexSpeed,player_speed_y,0.0,0.0,
ApexSpeed,player_speed_z,0.0,0.0,
ApexSpeed,player_delta_distance,1.0,0.9978789391130757,0.02659852379997174
ApexSpeed,player_delta_rotation,1.0,0.8639312704976472,0.029174078449292856
ApexSpeed,player_health,0.0,0.0,
ApexSpeed,player_healing,0.0,0.0,
ApexSpeed,player_damaged,0.0,0.0,
ApexSpeed,player_shooting,0.0,0.0,
ApexSpeed,player_reloading,0.0,0.0,
ApexSpeed,player_projectile_count,0.0,0.0,
ApexSpeed,player_projectile_distance,0.0,0.0,
ApexSpeed,reticle_delta_distance,0.0,0.0,
ApexSpeed,player_crouching,0.0,0.0,
ApexSpeed,player_sprinting,0.0,0.0,
ApexSpeed,player_aim_at_enemy,0.0,0.0,
ApexSpeed,player_aim_at_destructible,0.0,0.0,
ApexSpeed,player_health_pickup,0.0,0.0,
ApexSpeed,visible_bot_count,1.0,0.18702766291173534,0.07648505439921519
ApexSpeed,bot_speed_x,0.0,0.0,
ApexSpeed,bot_speed_y,0.0,0.0,
ApexSpeed,bot_speed_z,0.0,0.0,
ApexSpeed,bot_delta_distance,1.0,0.18702766291173534,0.02616501318032157
ApexSpeed, bot_delta_rotation ,0.0,0.0,
ApexSpeed,bot_health,0.0,0.0,
ApexSpeed,bot_damaged,0.0,0.0,
ApexSpeed,bot_shooting,0.0,0.0,
ApexSpeed,bot_reloading,0.0,0.0,
ApexSpeed,bot_projectile_count,0.0,0.0,
ApexSpeed,bot_projectile_player_distance,0.0,0.0,
ApexSpeed,bot_aim_at_player,0.0,0.0,
ApexSpeed,pick_ups_visible,0.0,0.0,
ApexSpeed,pick_up_player_disctance,0.0,0.0,
ApexSpeed,destructible_count,0.0,0.0,
ApexSpeed,objects_destroyed,0.0,0.0,
ApexSpeed,player_death,0.0,0.0,
ApexSpeed,player_tries_shoot_on_reload,0.0,0.0,
ApexSpeed,player_standing,1.0,0.9775951803792956,0.044562902964173146
ApexSpeed,player_speed,1.0,0.9978432910309425,0.02134944843609718
ApexSpeed,player_speed_boost,1.0,0.12544560102666477,0.08129282794927095
ApexSpeed,player_is_grounded,1.0,0.671502923142735,0.1894836241993374
ApexSpeed,player_is_mid_air,1.0,0.6494189362612292,0.18948362419933737
ApexSpeed,player_is_looping,1.0,0.0,0.0
ApexSpeed,player_is_crashing,1.0,0.022636532154570083,0.008997053196804715
ApexSpeed,player_is_off_road,1.0,0.0,0.0
ApexSpeed,player_gas_pedal,1.0,0.9772743476400969,0.02287264890978622
ApexSpeed,player_steering,1.0,0.9926208469984314,0.03401257178387974
ApexSpeed,player_lap,1.0,0.678989020390703,0.13017886282354346
ApexSpeed,player_distance_to_way_point,1.0,0.9976650506202767,0.04994716653065701
ApexSpeed,player_respawn,1.0,0.0021745330101240554,0.0021698430916843097
ApexSpeed,bot_standing,1.0,0.9775951803792956,0.036609605332830475
ApexSpeed,bot_score,1.0,0.12995508341651218,0.05076709498481115
ApexSpeed,bot_speed,1.0,0.18702766291173534,0.042658959125659875
ApexSpeed,bot_speed_boost,1.0,0.02575573934122344,0.012365975964011056
ApexSpeed,bot_is_grounded,1.0,0.1614679880222444,0.09704020938010674
ApexSpeed,bot_is_looping,1.0,0.0,0.0
ApexSpeed,bot_is_off_road,1.0,0.0,0.0
ApexSpeed,bot_is_crashing,1.0,0.007824754028233282,0.0034027561503314763
ApexSpeed,bot_gas_pedal,1.0,0.16462284329103094,0.13126792491779815
ApexSpeed,bot_steering,1.0,0.9972729217168116,0.020765905292197268
ApexSpeed,bot_lap,1.0,0.06507557393412235,0.033663926080658046
ApexSpeed,bot_distance_to_way_point,1.0,0.18702766291173534,0.054050902788672125
ApexSpeed,bot_delta_rotation,1.0,0.09822829031798089,0.00851993817005317
ApexSpeed,bot_player_distance,1.0,0.18702766291173534,0.040472789577602676
ApexSpeed,bot_respawn,1.0,0.0009090260943961215,0.0008948638083394814
ApexSpeed,visible_jump_count,1.0,0.4818551261942107,0.071472290079456
ApexSpeed,visible_speed_boost_count,1.0,0.33236489376871525,0.09207027818522548
ApexSpeed,visible_obstacle_count,1.0,0.8217239412519607,0.026316874695857122
ApexSpeed,visible_loop_count,1.0,0.0,0.0
ApexSpeed,player_has_collisions,0.0,0.0,
ApexSpeed,player_is_colliding_above,0.0,0.0,
ApexSpeed,player_is_colliding_below,0.0,0.0,
ApexSpeed,player_is_colliding_left,0.0,0.0,
ApexSpeed,player_is_colliding_right,0.0,0.0,
ApexSpeed,player_is_falling,0.0,0.0,
ApexSpeed,player_is_jumping,0.0,0.0,
ApexSpeed,player_point_pickup,0.0,0.0,
ApexSpeed,player_power_pickup,0.0,0.0,
ApexSpeed,player_boost_pickup,0.0,0.0,
ApexSpeed,player_slow_pickup,0.0,0.0,
ApexSpeed,player_has_powerup,0.0,0.0,
ApexSpeed,bot_has_collisions,0.0,0.0,
ApexSpeed,bot_is_colliding_above,0.0,0.0,
ApexSpeed,bot_is_colliding_below,0.0,0.0,
ApexSpeed,bot_is_colliding_left,0.0,0.0,
ApexSpeed,bot_is_colliding_right,0.0,0.0,
ApexSpeed,bot_is_falling,0.0,0.0,
ApexSpeed,bot_is_jumping,0.0,0.0,
ApexSpeed,bot_charging,0.0,0.0,
Endless,[general]time_passed,1.0,0.9976955180547995,0.0836110847728164
Endless,[general]input_intensity,1.0,0.3199419343131918,0.04790814340215135
Endless,[general]input_diversity,1.0,0.3199419343131918,0.05652611079024176
Endless,[general]activity,1.0,0.3202322627472328,0.07886414833778238
Endless,[general]score,1.0,0.9731990564325894,0.1005450028869723
Endless,[general]bot_count,1.0,0.6375975322083106,0.0638524633553324
Endless,[general]bot_diversity,1.0,0.6375975322083106,0.08452194538260327
Endless,[general]bot_movement,1.0,0.6375975322083106,0.10499107369249482
Endless,[general]player_movement,1.0,0.9789148974777717,0.03928017248612181
Endless,[general]object_intensity,1.0,0.4973144619851207,0.061154798349774296
Endless,[general]object_diversity,1.0,0.4973144619851207,0.08602363045546156
Endless,[general]event_intensity,1.0,0.6242787152966793,0.03903150922541712
Endless,[general]event_diversity,1.0,0.6242787152966793,0.03899381519141266
Endless,key_press_count,1.0,0.3199419343131918,0.04790814340215135
Endless,idle_time,1.0,0.9646888042097623,0.07886414833778238
Endless,player_score,1.0,0.9731990564325894,0.1005450028869723
Endless,player_kill_count,1.0,0.033587370713119215,0.029634989249905392
Endless,player_speed_x,1.0,0.9775176918889493,0.039808742877808466
Endless,player_speed_y,1.0,0.3008891308292506,0.014016990114447389
Endless,player_speed_z,0.0,0.0,
Endless,player_delta_distance,1.0,0.9789148974777717,0.03928017248612181
Endless,player_delta_rotation,0.0,0.0,
Endless,player_health,1.0,0.9277808020322991,0.07187026340105794
Endless,player_healing,0.0,0.0,
Endless,player_damaged,1.0,0.010415532571221194,0.009011693520271204
Endless,player_shooting,1.0,0.10823806931591362,0.04193871595908917
Endless,player_reloading,0.0,0.0,
Endless,player_projectile_count,1.0,0.0,0.0
Endless,player_projectile_distance,1.0,0.0,0.0
Endless,reticle_delta_distance,0.0,0.0,
Endless,player_crouching,0.0,0.0,
Endless,player_sprinting,0.0,0.0,
Endless,player_aim_at_enemy,0.0,0.0,
Endless,player_aim_at_destructible,0.0,0.0,
Endless,player_health_pickup,1.0,0.0,0.0
Endless,visible_bot_count,1.0,0.6375975322083106,0.0638524633553324
Endless,bot_speed_x,1.0,0.6375975322083106,0.10499107369249482
Endless,bot_speed_y,1.0,0.0,0.0
Endless,bot_speed_z,0.0,0.0,
Endless,bot_delta_distance,1.0,0.6375975322083106,0.10499107369249482
Endless, bot_delta_rotation ,0.0,0.0,
Endless,bot_health,1.0,0.6374160769370351,0.23041350575695727
Endless,bot_damaged,1.0,0.0,0.0
Endless,bot_shooting,1.0,0.0,0.0
Endless,bot_reloading,0.0,0.0,
Endless,bot_projectile_count,1.0,0.0,0.0
Endless,bot_projectile_player_distance,1.0,0.0,0.0
Endless,bot_aim_at_player,0.0,0.0,
Endless,pick_ups_visible,1.0,0.4973144619851207,0.061154798349774296
Endless,pick_up_player_disctance,1.0,0.4973144619851207,0.10628573656317497
Endless,destructible_count,0.0,0.0,
Endless,objects_destroyed,0.0,0.0,
Endless,player_death,1.0,0.010415532571221194,0.010307236282714599
Endless,player_tries_shoot_on_reload,0.0,0.0,
Endless,player_standing,0.0,0.0,
Endless,player_speed,0.0,0.0,
Endless,player_speed_boost,0.0,0.0,
Endless,player_is_grounded,1.0,0.4746144075485393,0.22338412231474936
Endless,player_is_mid_air,0.0,0.0,
Endless,player_is_looping,0.0,0.0,
Endless,player_is_crashing,0.0,0.0,
Endless,player_is_off_road,0.0,0.0,
Endless,player_gas_pedal,0.0,0.0,
Endless,player_steering,0.0,0.0,
Endless,player_lap,0.0,0.0,
Endless,player_distance_to_way_point,0.0,0.0,
Endless,player_respawn,0.0,0.0,
Endless,bot_standing,0.0,0.0,
Endless,bot_score,0.0,0.0,
Endless,bot_speed,0.0,0.0,
Endless,bot_speed_boost,0.0,0.0,
Endless,bot_is_grounded,1.0,0.6375975322083106,0.2310690723159594
Endless,bot_is_looping,0.0,0.0,
Endless,bot_is_off_road,0.0,0.0,
Endless,bot_is_crashing,0.0,0.0,
Endless,bot_gas_pedal,0.0,0.0,
Endless,bot_steering,0.0,0.0,
Endless,bot_lap,0.0,0.0,
Endless,bot_distance_to_way_point,0.0,0.0,
Endless,bot_delta_rotation,0.0,0.0,
Endless,bot_player_distance,1.0,0.6375975322083106,0.09283719307762626
Endless,bot_respawn,0.0,0.0,
Endless,visible_jump_count,0.0,0.0,
Endless,visible_speed_boost_count,0.0,0.0,
Endless,visible_obstacle_count,0.0,0.0,
Endless,visible_loop_count,0.0,0.0,
Endless,player_has_collisions,1.0,0.9109961894393032,0.11885122158563699
Endless,player_is_colliding_above,1.0,0.4467428778806024,0.21796114444870443
Endless,player_is_colliding_below,1.0,0.4746144075485393,0.22338412231474936
Endless,player_is_colliding_left,1.0,0.0,0.0
Endless,player_is_colliding_right,1.0,0.0,0.0
Endless,player_is_falling,1.0,0.145472690981673,0.06029507448791851
Endless,player_is_jumping,1.0,0.0,0.0
Endless,player_point_pickup,1.0,0.048502994011976046,0.039570882998971976
Endless,player_power_pickup,1.0,0.0,0.0
Endless,player_boost_pickup,1.0,0.019814915623298856,0.018521267854114256
Endless,player_slow_pickup,1.0,0.00694973688985665,0.006834144804770356
Endless,player_has_powerup,1.0,0.0,0.0
Endless,bot_has_collisions,1.0,0.0,0.0
Endless,bot_is_colliding_above,1.0,0.0,0.0
Endless,bot_is_colliding_below,1.0,0.6375975322083106,0.2310690723159594
Endless,bot_is_colliding_left,1.0,0.010415532571221194,0.0034158055823150743
Endless,bot_is_colliding_right,1.0,0.0,0.0
Endless,bot_is_falling,1.0,0.0,0.0
Endless,bot_is_jumping,1.0,0.0,0.0
Endless,bot_charging,1.0,0.0,0.0
Heist!,[general]time_passed,1.0,0.9978296759353725,0.08357534648701231
Heist!,[general]input_intensity,1.0,0.7624329889257824,0.06211282348382959
Heist!,[general]input_diversity,1.0,0.7624329889257824,0.06647578440431541
Heist!,[general]activity,1.0,0.7625813871524235,0.17622620790939145
Heist!,[general]score,1.0,0.8711346899404552,0.10613455300945057
Heist!,[general]bot_count,1.0,0.47620990929158397,0.05135878163686694
Heist!,[general]bot_diversity,1.0,0.47620990929158397,0.2494335796901815
Heist!,[general]bot_movement,1.0,0.2821792279582259,0.029276715285452202
Heist!,[general]player_movement,1.0,0.8571481570795229,0.012839644473333125
Heist!,[general]object_intensity,1.0,0.0,0.0
Heist!,[general]object_diversity,1.0,0.0,0.0
Heist!,[general]event_intensity,1.0,0.7164851880020033,0.05031570501694213
Heist!,[general]event_diversity,1.0,0.7164851880020033,0.05102000394489596
Heist!,key_press_count,1.0,0.7624329889257824,0.06211282348382959
Heist!,idle_time,1.0,0.5362926413029364,0.17622620790939145
Heist!,player_score,1.0,0.8711346899404552,0.10613455300945057
Heist!,player_kill_count,1.0,0.025320447420653324,0.0239132556896256
Heist!,player_speed_x,1.0,0.9890556307852121,0.04039301879180612
Heist!,player_speed_y,1.0,0.8790554452874288,0.10991512838942975
Heist!,player_speed_z,1.0,0.9954738540874437,0.05466305535860876
Heist!,player_delta_distance,1.0,0.6326772895063904,0.03607900875968145
Heist!,player_delta_rotation,1.0,0.7521935112875401,0.014690042020828496
Heist!,player_health,1.0,0.9673338403606077,0.07604277101327236
Heist!,player_healing,1.0,0.18494128995158507,0.14206617189593074
Heist!,player_damaged,1.0,0.04003042163646144,0.013466942035980487
Heist!,player_shooting,1.0,0.4495909773878202,0.18846513701878415
Heist!,player_reloading,1.0,0.10910979613793616,0.07414454416049904
Heist!,player_projectile_count,1.0,0.22235619284349553,0.028552716674669267
Heist!,player_projectile_distance,1.0,0.22235619284349553,0.024563529648225037
Heist!,reticle_delta_distance,1.0,0.7458680368769594,0.012639142449311946
Heist!,player_crouching,1.0,0.1264909384332857,0.10865667243650685
Heist!,player_sprinting,1.0,0.041811200356155744,0.03353381836920948
Heist!,player_aim_at_enemy,1.0,0.21246916099352614,0.07060188078683728
Heist!,player_aim_at_destructible,1.0,0.0,0.0
Heist!,player_health_pickup,1.0,0.0,0.0
Heist!,visible_bot_count,1.0,0.47620990929158397,0.05135878163686694
Heist!,bot_speed_x,1.0,0.2540577640097201,0.02958596624084824
Heist!,bot_speed_y,1.0,0.0799124450462817,0.00723361716327981
Heist!,bot_speed_z,1.0,0.25134949637351833,0.03742569156098155
Heist!,bot_delta_distance,1.0,0.2821792279582259,0.029276715285452202
Heist!, bot_delta_rotation ,1.0,0.2836261106679775,0.014609592806634538
Heist!,bot_health,1.0,0.47620990929158397,0.19611701443828908
Heist!,bot_damaged,1.0,0.048340722328368176,0.013269761883129463
Heist!,bot_shooting,1.0,0.21716225491105381,0.12178274683154769
Heist!,bot_reloading,1.0,0.0,0.0
Heist!,bot_projectile_count,1.0,0.22217069506019402,0.03221360121193969
Heist!,bot_projectile_player_distance,1.0,0.24090597117364448,0.0426390022038902
Heist!,bot_aim_at_player,1.0,0.06991411452633141,0.014976045353062848
Heist!,pick_ups_visible,1.0,0.0,0.0
Heist!,pick_up_player_disctance,1.0,0.0,0.0
Heist!,destructible_count,1.0,0.0,0.0
Heist!,objects_destroyed,1.0,0.0,0.0
Heist!,player_death,1.0,0.00159528093639281,0.0015927655605748727
Heist!,player_tries_shoot_on_reload,1.0,0.0010016880298280436,0.0007690761125318575
Heist!,player_standing,0.0,0.0,
Heist!,player_speed,0.0,0.0,
Heist!,player_speed_boost,0.0,0.0,
Heist!,player_is_grounded,0.0,0.0,
Heist!,player_is_mid_air,0.0,0.0,
Heist!,player_is_looping,0.0,0.0,
Heist!,player_is_crashing,0.0,0.0,
Heist!,player_is_off_road,0.0,0.0,
Heist!,player_gas_pedal,0.0,0.0,
Heist!,player_steering,0.0,0.0,
Heist!,player_lap,0.0,0.0,
Heist!,player_distance_to_way_point,0.0,0.0,
Heist!,player_respawn,0.0,0.0,
Heist!,bot_standing,0.0,0.0,
Heist!,bot_score,0.0,0.0,
Heist!,bot_speed,0.0,0.0,
Heist!,bot_speed_boost,0.0,0.0,
Heist!,bot_is_grounded,0.0,0.0,
Heist!,bot_is_looping,0.0,0.0,
Heist!,bot_is_off_road,0.0,0.0,
Heist!,bot_is_crashing,0.0,0.0,
Heist!,bot_gas_pedal,0.0,0.0,
Heist!,bot_steering,0.0,0.0,
Heist!,bot_lap,0.0,0.0,
Heist!,bot_distance_to_way_point,0.0,0.0,
Heist!,bot_delta_rotation,0.0,0.0,
Heist!,bot_player_distance,0.0,0.0,
Heist!,bot_respawn,0.0,0.0,
Heist!,visible_jump_count,0.0,0.0,
Heist!,visible_speed_boost_count,0.0,0.0,
Heist!,visible_obstacle_count,0.0,0.0,
Heist!,visible_loop_count,0.0,0.0,
Heist!,player_has_collisions,0.0,0.0,
Heist!,player_is_colliding_above,0.0,0.0,
Heist!,player_is_colliding_below,0.0,0.0,
Heist!,player_is_colliding_left,0.0,0.0,
Heist!,player_is_colliding_right,0.0,0.0,
Heist!,player_is_falling,0.0,0.0,
Heist!,player_is_jumping,0.0,0.0,
Heist!,player_point_pickup,0.0,0.0,
Heist!,player_power_pickup,0.0,0.0,
Heist!,player_boost_pickup,0.0,0.0,
Heist!,player_slow_pickup,0.0,0.0,
Heist!,player_has_powerup,0.0,0.0,
Heist!,bot_has_collisions,0.0,0.0,
Heist!,bot_is_colliding_above,0.0,0.0,
Heist!,bot_is_colliding_below,0.0,0.0,
Heist!,bot_is_colliding_left,0.0,0.0,
Heist!,bot_is_colliding_right,0.0,0.0,
Heist!,bot_is_falling,0.0,0.0,
Heist!,bot_is_jumping,0.0,0.0,
Heist!,bot_charging,0.0,0.0,
Pirates!,[general]time_passed,1.0,0.9975508954538497,0.08362495665003934
Pirates!,[general]input_intensity,1.0,0.8226886575845707,0.06447340238562353
Pirates!,[general]input_diversity,1.0,0.8226886575845707,0.07498132243664113
Pirates!,[general]activity,1.0,0.8230713301699066,0.16117638300466844
Pirates!,[general]score,1.0,0.8683988979029542,0.11083700691483062
Pirates!,[general]bot_count,1.0,0.5479680085718659,0.07453607041138725
Pirates!,[general]bot_diversity,1.0,0.5479680085718659,0.11281974128954295
Pirates!,[general]bot_movement,1.0,0.5463799173427216,0.005567397993620314
Pirates!,[general]player_movement,1.0,0.9125593142507271,0.026943832600966056
Pirates!,[general]object_intensity,1.0,0.5912291443440992,0.06670293142460267
Pirates!,[general]object_diversity,1.0,0.5912291443440992,0.09402780050086168
Pirates!,[general]event_intensity,1.0,0.7543624674728302,0.0491632806080673
Pirates!,[general]event_diversity,1.0,0.7543624674728302,0.059695666653722765
Pirates!,key_press_count,1.0,0.8226886575845707,0.06447340238562353
Pirates!,idle_time,1.0,0.5377697841726619,0.1611763830046685
Pirates!,player_score,1.0,0.8683988979029542,0.11083700691483062
Pirates!,player_kill_count,1.0,0.01339354048675953,0.013129837757103984
Pirates!,player_speed_x,1.0,0.8712498086637074,0.1707004893567211
Pirates!,player_speed_y,1.0,0.7073894076228379,0.04074173278342707
Pirates!,player_speed_z,0.0,0.0,
Pirates!,player_delta_distance,1.0,0.9125593142507271,0.026943832600966056
Pirates!,player_delta_rotation,0.0,0.0,
Pirates!,player_health,1.0,0.839334915046686,0.13674719009970268
Pirates!,player_healing,0.0,0.0,
Pirates!,player_damaged,1.0,0.0062566967702433795,0.005229948013549529
Pirates!,player_shooting,1.0,0.0,0.0
Pirates!,player_reloading,0.0,0.0,
Pirates!,player_projectile_count,1.0,0.0,0.0
Pirates!,player_projectile_distance,1.0,0.0,0.0
Pirates!,reticle_delta_distance,0.0,0.0,
Pirates!,player_crouching,0.0,0.0,
Pirates!,player_sprinting,0.0,0.0,
Pirates!,player_aim_at_enemy,0.0,0.0,
Pirates!,player_aim_at_destructible,0.0,0.0,
Pirates!,player_health_pickup,1.0,0.0,0.0
Pirates!,visible_bot_count,1.0,0.5479680085718659,0.07453607041138725
Pirates!,bot_speed_x,1.0,0.5472791979182612,0.22921018202818355
Pirates!,bot_speed_y,1.0,0.14061304148170825,0.013442863549805664
Pirates!,bot_speed_z,0.0,0.0,
Pirates!,bot_delta_distance,1.0,0.5463799173427216,0.005567397993620314
Pirates!, bot_delta_rotation ,0.0,0.0,
Pirates!,bot_health,1.0,0.5476810041328639,0.24741691646748287
Pirates!,bot_damaged,1.0,0.0,0.0
Pirates!,bot_shooting,1.0,0.0,0.0
Pirates!,bot_reloading,0.0,0.0,
Pirates!,bot_projectile_count,1.0,0.0,0.0
Pirates!,bot_projectile_player_distance,1.0,0.0,0.0
Pirates!,bot_aim_at_player,0.0,0.0,
Pirates!,pick_ups_visible,1.0,0.5912291443440992,0.06670293142460267
Pirates!,pick_up_player_disctance,1.0,0.5912291443440992,0.07745222793673931
Pirates!,destructible_count,0.0,0.0,
Pirates!,objects_destroyed,0.0,0.0,
Pirates!,player_death,1.0,0.005797489667840196,0.005763989067421397
Pirates!,player_tries_shoot_on_reload,0.0,0.0,
Pirates!,player_standing,0.0,0.0,
Pirates!,player_speed,0.0,0.0,
Pirates!,player_speed_boost,0.0,0.0,
Pirates!,player_is_grounded,1.0,0.6991236797795806,0.18152285600683948
Pirates!,player_is_mid_air,0.0,0.0,
Pirates!,player_is_looping,0.0,0.0,
Pirates!,player_is_crashing,0.0,0.0,
Pirates!,player_is_off_road,0.0,0.0,
Pirates!,player_gas_pedal,0.0,0.0,
Pirates!,player_steering,0.0,0.0,
Pirates!,player_lap,0.0,0.0,
Pirates!,player_distance_to_way_point,0.0,0.0,
Pirates!,player_respawn,0.0,0.0,
Pirates!,bot_standing,0.0,0.0,
Pirates!,bot_score,0.0,0.0,
Pirates!,bot_speed,0.0,0.0,
Pirates!,bot_speed_boost,0.0,0.0,
Pirates!,bot_is_grounded,1.0,0.517545538037655,0.22871026602684585
Pirates!,bot_is_looping,0.0,0.0,
Pirates!,bot_is_off_road,0.0,0.0,
Pirates!,bot_is_crashing,0.0,0.0,
Pirates!,bot_gas_pedal,0.0,0.0,
Pirates!,bot_steering,0.0,0.0,
Pirates!,bot_lap,0.0,0.0,
Pirates!,bot_distance_to_way_point,0.0,0.0,
Pirates!,bot_delta_rotation,0.0,0.0,
Pirates!,bot_player_distance,1.0,0.5479680085718659,0.08580131478019602
Pirates!,bot_respawn,0.0,0.0,
Pirates!,visible_jump_count,0.0,0.0,
Pirates!,visible_speed_boost_count,0.0,0.0,
Pirates!,visible_obstacle_count,0.0,0.0,
Pirates!,visible_loop_count,0.0,0.0,
Pirates!,player_has_collisions,1.0,0.7452548599418337,0.17552519728703658
Pirates!,player_is_colliding_above,1.0,0.057707025868666766,0.026350890207003416
Pirates!,player_is_colliding_below,1.0,0.6991236797795806,0.18152285600683948
Pirates!,player_is_colliding_left,1.0,0.013584876779427522,0.005993762630597991
Pirates!,player_is_colliding_right,1.0,0.07523343027705495,0.02040490947883551
Pirates!,player_is_falling,1.0,0.4790486759528547,0.12223448414566176
Pirates!,player_is_jumping,1.0,0.5816049288228992,0.18854718017666794
Pirates!,player_point_pickup,1.0,0.03918567273840502,0.015590678253941004
Pirates!,player_power_pickup,1.0,0.0066011020970457674,0.006529204271608671
Pirates!,player_boost_pickup,1.0,0.0,0.0
Pirates!,player_slow_pickup,1.0,0.0,0.0
Pirates!,player_has_powerup,1.0,0.39954844634930353,0.23782491657281538
Pirates!,bot_has_collisions,1.0,0.5225776825348232,0.22848730419069943
Pirates!,bot_is_colliding_above,1.0,0.0,0.0
Pirates!,bot_is_colliding_below,1.0,0.517545538037655,0.22871026602684585
Pirates!,bot_is_colliding_left,1.0,0.02814556865146181,0.008679723059745263
Pirates!,bot_is_colliding_right,1.0,0.018846624827797337,0.0076284022725796674
Pirates!,bot_is_falling,1.0,0.14045997244757386,0.04086097858923121
Pirates!,bot_is_jumping,1.0,0.0,0.0
Pirates!,bot_charging,1.0,0.0,0.0
Run'N'Gun,[general]time_passed,1.0,0.9976712453379424,0.08357873800713866
Run'N'Gun,[general]input_intensity,1.0,0.8415355226052943,0.04556590539278282
Run'N'Gun,[general]input_diversity,1.0,0.8415355226052943,0.05604603824749758
Run'N'Gun,[general]activity,1.0,0.8416628763758756,0.150407999379354
Run'N'Gun,[general]score,1.0,0.8794141726553261,0.10810192330465532
Run'N'Gun,[general]bot_count,1.0,0.8319476030201037,0.060920207996501635
Run'N'Gun,[general]bot_diversity,1.0,0.8319476030201037,0.09843992981448607
Run'N'Gun,[general]bot_movement,1.0,0.715055035022287,0.0049584176665946385
Run'N'Gun,[general]player_movement,1.0,0.8003274811243518,0.05508300167538595
Run'N'Gun,[general]object_intensity,1.0,0.48863822432457016,0.1815469622668868
Run'N'Gun,[general]object_diversity,1.0,0.48863822432457016,0.24985643423357862
Run'N'Gun,[general]event_intensity,1.0,0.8167925043209315,0.042532640143919644
Run'N'Gun,[general]event_diversity,1.0,0.8167925043209315,0.050647991431636924
Run'N'Gun,key_press_count,1.0,0.8415355226052943,0.04556590539278282
Run'N'Gun,idle_time,1.0,0.5343036477758574,0.150407999379354
Run'N'Gun,player_score,1.0,0.8794141726553261,0.10810192330465532
Run'N'Gun,player_kill_count,1.0,0.04264531974893114,0.023797746020843443
Run'N'Gun,player_speed_x,1.0,0.9062494314563814,0.13780167332387794
Run'N'Gun,player_speed_y,1.0,0.4924952242336032,0.046654411560320436
Run'N'Gun,player_speed_z,0.0,0.0,
Run'N'Gun,player_delta_distance,1.0,0.8003274811243518,0.05508300167538595
Run'N'Gun,player_delta_rotation,0.0,0.0,
Run'N'Gun,player_health,1.0,0.9246611480032748,0.1164076441054917
Run'N'Gun,player_healing,0.0,0.0,
Run'N'Gun,player_damaged,1.0,0.025816428636404987,0.016656366750093167
Run'N'Gun,player_shooting,1.0,0.3841717456563268,0.14596835386916004
Run'N'Gun,player_reloading,0.0,0.0,
Run'N'Gun,player_projectile_count,1.0,0.46267624852178657,0.04558132469810285
Run'N'Gun,player_projectile_distance,1.0,0.46267624852178657,0.044497732816799196
Run'N'Gun,reticle_delta_distance,0.0,0.0,
Run'N'Gun,player_crouching,0.0,0.0,
Run'N'Gun,player_sprinting,0.0,0.0,
Run'N'Gun,player_aim_at_enemy,0.0,0.0,
Run'N'Gun,player_aim_at_destructible,0.0,0.0,
Run'N'Gun,player_health_pickup,1.0,0.007222778131538252,0.007170740067713033
Run'N'Gun,visible_bot_count,1.0,0.8319476030201037,0.060920207996501635
Run'N'Gun,bot_speed_x,1.0,0.7407986900755026,0.09596815039568589
Run'N'Gun,bot_speed_y,1.0,0.23473119257709452,0.014236701222622668
Run'N'Gun,bot_speed_z,0.0,0.0,
Run'N'Gun,bot_delta_distance,1.0,0.715055035022287,0.0049584176665946385
Run'N'Gun, bot_delta_rotation ,0.0,0.0,
Run'N'Gun,bot_health,1.0,0.830619485126899,0.1317294380127214
Run'N'Gun,bot_damaged,1.0,0.08079687073592286,0.005091531374768345
Run'N'Gun,bot_shooting,1.0,0.40278358955699084,0.1319462023464242
Run'N'Gun,bot_reloading,0.0,0.0,
Run'N'Gun,bot_projectile_count,1.0,0.24948603656872556,0.040925718930788946
Run'N'Gun,bot_projectile_player_distance,1.0,0.25661784772127716,0.04934437265599045
Run'N'Gun,bot_aim_at_player,0.0,0.0,
Run'N'Gun,pick_ups_visible,1.0,0.48863822432457016,0.1815469622668868
Run'N'Gun,pick_up_player_disctance,1.0,0.48863822432457016,0.0910876002634447
Run'N'Gun,destructible_count,0.0,0.0,
Run'N'Gun,objects_destroyed,0.0,0.0,
Run'N'Gun,player_death,1.0,0.0008187028108796507,0.0008180474196475948
Run'N'Gun,player_tries_shoot_on_reload,0.0,0.0,
Run'N'Gun,player_standing,0.0,0.0,
Run'N'Gun,player_speed,0.0,0.0,
Run'N'Gun,player_speed_boost,0.0,0.0,
Run'N'Gun,player_is_grounded,1.0,0.7738924770308379,0.1812563879831575
Run'N'Gun,player_is_mid_air,0.0,0.0,
Run'N'Gun,player_is_looping,0.0,0.0,
Run'N'Gun,player_is_crashing,0.0,0.0,
Run'N'Gun,player_is_off_road,0.0,0.0,
Run'N'Gun,player_gas_pedal,0.0,0.0,
Run'N'Gun,player_steering,0.0,0.0,
Run'N'Gun,player_lap,0.0,0.0,
Run'N'Gun,player_distance_to_way_point,0.0,0.0,
Run'N'Gun,player_respawn,0.0,0.0,
Run'N'Gun,bot_standing,0.0,0.0,
Run'N'Gun,bot_score,0.0,0.0,
Run'N'Gun,bot_speed,0.0,0.0,
Run'N'Gun,bot_speed_boost,0.0,0.0,
Run'N'Gun,bot_is_grounded,1.0,0.8174474665696352,0.14927822236710186
Run'N'Gun,bot_is_looping,0.0,0.0,
Run'N'Gun,bot_is_off_road,0.0,0.0,
Run'N'Gun,bot_is_crashing,0.0,0.0,
Run'N'Gun,bot_gas_pedal,0.0,0.0,
Run'N'Gun,bot_steering,0.0,0.0,
Run'N'Gun,bot_lap,0.0,0.0,
Run'N'Gun,bot_distance_to_way_point,0.0,0.0,
Run'N'Gun,bot_delta_rotation,0.0,0.0,
Run'N'Gun,bot_player_distance,1.0,0.8319476030201037,0.06732562908299407
Run'N'Gun,bot_respawn,0.0,0.0,
Run'N'Gun,visible_jump_count,0.0,0.0,
Run'N'Gun,visible_speed_boost_count,0.0,0.0,
Run'N'Gun,visible_obstacle_count,0.0,0.0,
Run'N'Gun,visible_loop_count,0.0,0.0,
Run'N'Gun,player_has_collisions,1.0,0.800891476394069,0.17422071613469223
Run'N'Gun,player_is_colliding_above,1.0,0.01178932047666697,0.007919523523734985
Run'N'Gun,player_is_colliding_below,1.0,0.7738924770308379,0.1812563879831575
Run'N'Gun,player_is_colliding_left,1.0,0.01479123078322569,0.004622126151419753
Run'N'Gun,player_is_colliding_right,1.0,0.06094787592104066,0.020379010441090157
Run'N'Gun,player_is_falling,1.0,0.30595833712362414,0.09412889705039129
Run'N'Gun,player_is_jumping,1.0,0.41380878741017013,0.18378726675167018
Run'N'Gun,player_point_pickup,1.0,0.0,0.0
Run'N'Gun,player_power_pickup,1.0,0.0,0.0
Run'N'Gun,player_boost_pickup,1.0,0.0,0.0
Run'N'Gun,player_slow_pickup,1.0,0.0,0.0
Run'N'Gun,player_has_powerup,1.0,0.0,0.0
Run'N'Gun,bot_has_collisions,1.0,0.8176839807150005,0.14923947877238558
Run'N'Gun,bot_is_colliding_above,1.0,0.008660056399526972,0.004472803222870855
Run'N'Gun,bot_is_colliding_below,1.0,0.8174474665696352,0.14927822236710186
Run'N'Gun,bot_is_colliding_left,1.0,0.0035477121804784865,0.0021534495662338853
Run'N'Gun,bot_is_colliding_right,1.0,0.0019284999545165105,0.0012771170817978998
Run'N'Gun,bot_is_falling,1.0,0.16555990175566268,0.01567104995386378
Run'N'Gun,bot_is_jumping,1.0,0.0004912216865277904,0.0004419589292355511
Run'N'Gun,bot_charging,1.0,0.16039297734922223,0.03621931161479973
Shootout,[general]time_passed,1.0,0.9977011938337905,0.08360271782890978
Shootout,[general]input_intensity,1.0,0.22367963528184523,0.04371461797100379
Shootout,[general]input_diversity,1.0,0.22367963528184523,0.1580735526627882
Shootout,[general]activity,1.0,0.22404667156048372,0.04574045662677274
Shootout,[general]score,1.0,0.949716029826527,0.09406029407885472
Shootout,[general]bot_count,1.0,0.9714484410617007,0.060022163261624455
Shootout,[general]bot_diversity,1.0,0.9714484410617007,0.027736903233636506
Shootout,[general]bot_movement,1.0,0.0,0.0
Shootout,[general]player_movement,1.0,0.9085306958235135,0.01674707054053495
Shootout,[general]object_intensity,1.0,0.0,0.0
Shootout,[general]object_diversity,1.0,0.0,0.0
Shootout,[general]event_intensity,1.0,0.9711393578796894,0.03891495964805096
Shootout,[general]event_diversity,1.0,0.9711393578796894,0.04096477476078809
Shootout,key_press_count,1.0,0.22367963528184523,0.04371461797100379
Shootout,idle_time,1.0,0.996542131901248,0.04574045662677273
Shootout,player_score,1.0,0.949716029826527,0.09406029407885472
Shootout,player_kill_count,1.0,0.12305374183827222,0.10781670598554488
Shootout,player_speed_x,1.0,0.0,0.0
Shootout,player_speed_y,1.0,0.0,0.0
Shootout,player_speed_z,1.0,0.0,0.0
Shootout,player_delta_distance,1.0,0.0,0.0
Shootout,player_delta_rotation,1.0,0.8907004597612332,0.021232685012317995
Shootout,player_health,1.0,0.0,0.0
Shootout,player_healing,1.0,0.3714986670787776,0.20511632876131664
Shootout,player_damaged,1.0,0.07462427075686744,0.027271575168145382
Shootout,player_shooting,1.0,0.32670092338600626,0.11999848702126642
Shootout,player_reloading,1.0,0.22180581849090136,0.1504420840722873
Shootout,player_projectile_count,1.0,0.26965575860603486,0.03578428857217341
Shootout,player_projectile_distance,1.0,0.26965575860603486,0.021559387726564253
Shootout,reticle_delta_distance,1.0,0.9085306958235135,0.01674707054053495
Shootout,player_crouching,1.0,0.0,0.0
Shootout,player_sprinting,1.0,0.0,0.0
Shootout,player_aim_at_enemy,1.0,0.4178611443804814,0.10907761934898627
Shootout,player_aim_at_destructible,1.0,0.0,0.0
Shootout,player_health_pickup,1.0,0.0,0.0
Shootout,visible_bot_count,1.0,0.9714484410617007,0.060022163261624455
Shootout,bot_speed_x,1.0,0.0,0.0
Shootout,bot_speed_y,1.0,0.0,0.0
Shootout,bot_speed_z,1.0,0.0,0.0
Shootout,bot_delta_distance,1.0,0.0,0.0
Shootout, bot_delta_rotation ,1.0,0.0,0.0
Shootout,bot_health,1.0,0.9714484410617007,0.02768495175353852
Shootout,bot_damaged,1.0,0.12293783564501796,0.016161684601872665
Shootout,bot_shooting,1.0,0.3737395201483599,0.048661840738943855
Shootout,bot_reloading,1.0,0.970231426032531,0.02886141841473179
Shootout,bot_projectile_count,1.0,0.0,0.0
Shootout,bot_projectile_player_distance,1.0,0.0,0.0
Shootout,bot_aim_at_player,1.0,0.3737395201483599,0.048661840738943855
Shootout,pick_ups_visible,1.0,0.0,0.0
Shootout,pick_up_player_disctance,1.0,0.0,0.0
Shootout,destructible_count,1.0,0.0,0.0
Shootout,objects_destroyed,1.0,0.0,0.0
Shootout,player_death,1.0,0.0,0.0
Shootout,player_tries_shoot_on_reload,1.0,0.0010817911370397558,0.000890591220254461
Shootout,player_standing,0.0,0.0,
Shootout,player_speed,0.0,0.0,
Shootout,player_speed_boost,0.0,0.0,
Shootout,player_is_grounded,0.0,0.0,
Shootout,player_is_mid_air,0.0,0.0,
Shootout,player_is_looping,0.0,0.0,
Shootout,player_is_crashing,0.0,0.0,
Shootout,player_is_off_road,0.0,0.0,
Shootout,player_gas_pedal,0.0,0.0,
Shootout,player_steering,0.0,0.0,
Shootout,player_lap,0.0,0.0,
Shootout,player_distance_to_way_point,0.0,0.0,
Shootout,player_respawn,0.0,0.0,
Shootout,bot_standing,0.0,0.0,
Shootout,bot_score,0.0,0.0,
Shootout,bot_speed,0.0,0.0,
Shootout,bot_speed_boost,0.0,0.0,
Shootout,bot_is_grounded,0.0,0.0,
Shootout,bot_is_looping,0.0,0.0,
Shootout,bot_is_off_road,0.0,0.0,
Shootout,bot_is_crashing,0.0,0.0,
Shootout,bot_gas_pedal,0.0,0.0,
Shootout,bot_steering,0.0,0.0,
Shootout,bot_lap,0.0,0.0,
Shootout,bot_distance_to_way_point,0.0,0.0,
Shootout,bot_delta_rotation,0.0,0.0,
Shootout,bot_player_distance,0.0,0.0,
Shootout,bot_respawn,0.0,0.0,
Shootout,visible_jump_count,0.0,0.0,
Shootout,visible_speed_boost_count,0.0,0.0,
Shootout,visible_obstacle_count,0.0,0.0,
Shootout,visible_loop_count,0.0,0.0,
Shootout,player_has_collisions,0.0,0.0,
Shootout,player_is_colliding_above,0.0,0.0,
Shootout,player_is_colliding_below,0.0,0.0,
Shootout,player_is_colliding_left,0.0,0.0,
Shootout,player_is_colliding_right,0.0,0.0,
Shootout,player_is_falling,0.0,0.0,
Shootout,player_is_jumping,0.0,0.0,
Shootout,player_point_pickup,0.0,0.0,
Shootout,player_power_pickup,0.0,0.0,
Shootout,player_boost_pickup,0.0,0.0,
Shootout,player_slow_pickup,0.0,0.0,
Shootout,player_has_powerup,0.0,0.0,
Shootout,bot_has_collisions,0.0,0.0,
Shootout,bot_is_colliding_above,0.0,0.0,
Shootout,bot_is_colliding_below,0.0,0.0,
Shootout,bot_is_colliding_left,0.0,0.0,
Shootout,bot_is_colliding_right,0.0,0.0,
Shootout,bot_is_falling,0.0,0.0,
Shootout,bot_is_jumping,0.0,0.0,
Shootout,bot_charging,0.0,0.0,
Solid,[general]time_passed,1.0,0.997828447339848,0.083579896309447
Solid,[general]input_intensity,1.0,0.9692051368452581,0.03948870132861691
Solid,[general]input_diversity,1.0,0.9541727507581714,0.04772990876840148
Solid,[general]activity,1.0,0.9694672207870006,0.038819877669389054
Solid,[general]score,1.0,0.9155528099142611,0.09624303572377184
Solid,[general]bot_count,1.0,0.4316148114867648,0.10854189037686322
Solid,[general]bot_diversity,1.0,0.4316148114867648,0.24532209814277414
Solid,[general]bot_movement,1.0,0.43124040585570406,0.04150197262839964
Solid,[general]player_movement,1.0,0.9931670972331423,0.036599010879519105
Solid,[general]object_intensity,1.0,0.478359354524692,0.22635250722257585
Solid,[general]object_diversity,1.0,0.478359354524692,0.24951601131414186
Solid,[general]event_intensity,1.0,0.3043356172076828,0.04085824569060052
Solid,[general]event_diversity,1.0,0.3043356172076828,0.04429755237361179
Solid,key_press_count,1.0,0.9692051368452581,0.03948870132861691
Solid,idle_time,1.0,0.07577969972668389,0.038819877669389054
Solid,player_score,1.0,0.9155528099142611,0.09624303572377184
Solid,player_kill_count,0.0,0.0,
Solid,player_speed_x,0.0,0.0,
Solid,player_speed_y,0.0,0.0,
Solid,player_speed_z,0.0,0.0,
Solid,player_delta_distance,1.0,0.9931670972331423,0.036599010879519105
Solid,player_delta_rotation,1.0,0.9670148639035531,0.010914274053253348
Solid,player_health,0.0,0.0,
Solid,player_healing,0.0,0.0,
Solid,player_damaged,0.0,0.0,
Solid,player_shooting,0.0,0.0,
Solid,player_reloading,0.0,0.0,
Solid,player_projectile_count,0.0,0.0,
Solid,player_projectile_distance,0.0,0.0,
Solid,reticle_delta_distance,0.0,0.0,
Solid,player_crouching,0.0,0.0,
Solid,player_sprinting,0.0,0.0,
Solid,player_aim_at_enemy,0.0,0.0,
Solid,player_aim_at_destructible,0.0,0.0,
Solid,player_health_pickup,0.0,0.0,
Solid,visible_bot_count,1.0,0.4316148114867648,0.10854189037686322
Solid,bot_speed_x,0.0,0.0,
Solid,bot_speed_y,0.0,0.0,
Solid,bot_speed_z,0.0,0.0,
Solid,bot_delta_distance,1.0,0.43124040585570406,0.04150197262839964
Solid, bot_delta_rotation ,0.0,0.0,
Solid,bot_health,0.0,0.0,
Solid,bot_damaged,0.0,0.0,
Solid,bot_shooting,0.0,0.0,
Solid,bot_reloading,0.0,0.0,
Solid,bot_projectile_count,0.0,0.0,
Solid,bot_projectile_player_distance,0.0,0.0,
Solid,bot_aim_at_player,0.0,0.0,
Solid,pick_ups_visible,0.0,0.0,
Solid,pick_up_player_disctance,0.0,0.0,
Solid,destructible_count,0.0,0.0,
Solid,objects_destroyed,0.0,0.0,
Solid,player_death,0.0,0.0,
Solid,player_tries_shoot_on_reload,0.0,0.0,
Solid,player_standing,1.0,0.9773858998839342,0.07838881222962116
Solid,player_speed,1.0,0.9887116702235201,0.03064163268886817
Solid,player_speed_boost,1.0,0.0,0.0
Solid,player_is_grounded,1.0,0.9818226066120035,0.022158199772115833
Solid,player_is_mid_air,1.0,0.03337826200906062,0.022158199772115833
Solid,player_is_looping,1.0,0.044966116290389005,0.03669007842037599
Solid,player_is_crashing,1.0,0.05928713167846045,0.012672388484917243
Solid,player_is_off_road,1.0,0.18821371073420945,0.126443677738126
Solid,player_gas_pedal,1.0,0.9693736193792355,0.062543382824018
Solid,player_steering,1.0,0.9314276086712344,0.06703573749128261
Solid,player_lap,1.0,0.5442360253098206,0.16236377589800047
Solid,player_distance_to_way_point,1.0,0.997865887902954,0.05316227235142331
Solid,player_respawn,1.0,0.0013665805533715227,0.0013647385592527445
Solid,bot_standing,1.0,0.9773858998839342,0.06938714783042062
Solid,bot_score,1.0,0.360777266090082,0.07898718493220305
Solid,bot_speed,1.0,0.4316148114867648,0.04937628284330385
Solid,bot_speed_boost,1.0,0.0,0.0
Solid,bot_is_grounded,1.0,0.4306039162829009,0.2433699455410209
Solid,bot_is_looping,1.0,0.009341420494964245,0.00513942592856268
Solid,bot_is_off_road,1.0,0.023306750533528025,0.00875961122336904
Solid,bot_is_crashing,1.0,0.02843610767905949,0.005773318039547907
Solid,bot_gas_pedal,1.0,0.46250327604927177,0.16999123906605845
Solid,bot_steering,1.0,0.9699913886704856,0.022883629299737578
Solid,bot_lap,1.0,0.16252948444344603,0.07821036271136793
Solid,bot_distance_to_way_point,1.0,0.4316148114867648,0.052360542306279144
Solid,bot_delta_rotation,1.0,0.4084952637687671,0.01731214310833695
Solid,bot_player_distance,1.0,0.4316148114867648,0.03654477720405614
Solid,bot_respawn,1.0,1.8720281553034556e-05,1.8720281553034556e-05
Solid,visible_jump_count,1.0,0.0,0.0
Solid,visible_speed_boost_count,1.0,0.0,0.0
Solid,visible_obstacle_count,1.0,0.0,0.0
Solid,visible_loop_count,1.0,0.478359354524692,0.22635250722257585
Solid,player_has_collisions,0.0,0.0,
Solid,player_is_colliding_above,0.0,0.0,
Solid,player_is_colliding_below,0.0,0.0,
Solid,player_is_colliding_left,0.0,0.0,
Solid,player_is_colliding_right,0.0,0.0,
Solid,player_is_falling,0.0,0.0,
Solid,player_is_jumping,0.0,0.0,
Solid,player_point_pickup,0.0,0.0,
Solid,player_power_pickup,0.0,0.0,
Solid,player_boost_pickup,0.0,0.0,
Solid,player_slow_pickup,0.0,0.0,
Solid,player_has_powerup,0.0,0.0,
Solid,bot_has_collisions,0.0,0.0,
Solid,bot_is_colliding_above,0.0,0.0,
Solid,bot_is_colliding_below,0.0,0.0,
Solid,bot_is_colliding_left,0.0,0.0,
Solid,bot_is_colliding_right,0.0,0.0,
Solid,bot_is_falling,0.0,0.0,
Solid,bot_is_jumping,0.0,0.0,
Solid,bot_charging,0.0,0.0,
TinyCars,[general]time_passed,1.0,0.9976111479761115,0.08360598431812744
TinyCars,[general]input_intensity,1.0,0.9602237178879515,0.04463130221219287
TinyCars,[general]input_diversity,1.0,0.95698170442696,0.060100258134483456
TinyCars,[general]activity,1.0,0.9603943501753721,0.05019821045559523
TinyCars,[general]score,1.0,0.953834486681202,0.0962151844125182
TinyCars,[general]bot_count,1.0,0.45014693335861217,0.22428760364079636
TinyCars,[general]bot_diversity,1.0,0.44100862641008626,0.24651883332628557
TinyCars,[general]bot_movement,1.0,0.4368376149398047,0.1584398087650425
TinyCars,[general]player_movement,1.0,0.9691345151199166,0.11113682876648742
TinyCars,[general]object_intensity,1.0,0.2347331500616172,0.1710531028451158
TinyCars,[general]object_diversity,1.0,0.2347331500616172,0.17962713479253353
TinyCars,[general]event_intensity,1.0,0.3111384965399564,0.04911006973164985
TinyCars,[general]event_diversity,1.0,0.3111384965399564,0.04571696231345255
TinyCars,key_press_count,1.0,0.9602237178879515,0.04463130221219287
TinyCars,idle_time,1.0,0.09566783581382121,0.05019821045559524
TinyCars,player_score,1.0,0.953834486681202,0.0962151844125182
TinyCars,player_kill_count,0.0,0.0,
TinyCars,player_speed_x,0.0,0.0,
TinyCars,player_speed_y,0.0,0.0,
TinyCars,player_speed_z,0.0,0.0,
TinyCars,player_delta_distance,1.0,0.9691345151199166,0.11113682876648742
TinyCars,player_delta_rotation,1.0,0.9620248364773912,0.049741117732878516
TinyCars,player_health,0.0,0.0,
TinyCars,player_healing,0.0,0.0,
TinyCars,player_damaged,0.0,0.0,
TinyCars,player_shooting,0.0,0.0,
TinyCars,player_reloading,0.0,0.0,
TinyCars,player_projectile_count,0.0,0.0,
TinyCars,player_projectile_distance,0.0,0.0,
TinyCars,reticle_delta_distance,0.0,0.0,
TinyCars,player_crouching,0.0,0.0,
TinyCars,player_sprinting,0.0,0.0,
TinyCars,player_aim_at_enemy,0.0,0.0,
TinyCars,player_aim_at_destructible,0.0,0.0,
TinyCars,player_health_pickup,0.0,0.0,
TinyCars,visible_bot_count,1.0,0.45014693335861217,0.22428760364079636
TinyCars,bot_speed_x,0.0,0.0,
TinyCars,bot_speed_y,0.0,0.0,
TinyCars,bot_speed_z,0.0,0.0,
TinyCars,bot_delta_distance,1.0,0.4368376149398047,0.1584398087650425
TinyCars, bot_delta_rotation ,0.0,0.0,
TinyCars,bot_health,0.0,0.0,
TinyCars,bot_damaged,0.0,0.0,
TinyCars,bot_shooting,0.0,0.0,
TinyCars,bot_reloading,0.0,0.0,
TinyCars,bot_projectile_count,0.0,0.0,
TinyCars,bot_projectile_player_distance,0.0,0.0,
TinyCars,bot_aim_at_player,0.0,0.0,
TinyCars,pick_ups_visible,0.0,0.0,
TinyCars,pick_up_player_disctance,0.0,0.0,
TinyCars,destructible_count,0.0,0.0,
TinyCars,objects_destroyed,0.0,0.0,
TinyCars,player_death,0.0,0.0,
TinyCars,player_tries_shoot_on_reload,0.0,0.0,
TinyCars,player_standing,1.0,0.9772490283439188,0.09232428022262935
TinyCars,player_speed,1.0,0.96917243340601,0.10578441163578511
TinyCars,player_speed_boost,1.0,0.0,0.0
TinyCars,player_is_grounded,1.0,0.975599582898853,0.03181202621552235
TinyCars,player_is_mid_air,1.0,0.07312541473125415,0.03181202621552235
TinyCars,player_is_looping,1.0,0.0,0.0
TinyCars,player_is_crashing,1.0,0.02422978481372642,0.0076223198488771715
TinyCars,player_is_off_road,1.0,0.23391790691060765,0.16415291634586518
TinyCars,player_gas_pedal,1.0,0.9640724239264385,0.06286348958090673
TinyCars,player_steering,1.0,0.9572471324296142,0.059329924358581934
TinyCars,player_lap,1.0,0.32859986728599866,0.21996058569007554
TinyCars,player_distance_to_way_point,1.0,0.997857616835719,0.04088321612199956
TinyCars,player_respawn,1.0,0.0037918286093468574,0.003777522263729156
TinyCars,bot_standing,1.0,0.9772490283439188,0.09261320515477788
TinyCars,bot_score,1.0,0.4222201156507726,0.0834109645185757
TinyCars,bot_speed,1.0,0.4368944923689449,0.21873191685752524
TinyCars,bot_speed_boost,1.0,0.0,0.0
TinyCars,bot_is_grounded,1.0,0.4580528960091004,0.24431030933275646
TinyCars,bot_is_looping,1.0,0.0,0.0
TinyCars,bot_is_off_road,1.0,0.012797421556545644,0.00918818244824662
TinyCars,bot_is_crashing,1.0,0.02240970708123993,0.006583032353997808
TinyCars,bot_gas_pedal,1.0,0.43687553322589817,0.21713050220947178
TinyCars,bot_steering,1.0,0.9977628211204853,0.024190257775631056
TinyCars,bot_lap,1.0,0.12456156981704428,0.10722314927448247
TinyCars,bot_distance_to_way_point,1.0,0.4596265048819793,0.04420017301460446
TinyCars,bot_delta_rotation,1.0,0.43674281922457103,0.022023814698473542
TinyCars,bot_player_distance,1.0,0.4596075457389326,0.07862935249365778
TinyCars,bot_respawn,1.0,0.0004739785761683572,0.0004737629026163319
TinyCars,visible_jump_count,1.0,0.2347331500616172,0.1710531028451158
TinyCars,visible_speed_boost_count,1.0,0.0,0.0
TinyCars,visible_obstacle_count,1.0,0.0,0.0
TinyCars,visible_loop_count,1.0,0.0,0.0
TinyCars,player_has_collisions,0.0,0.0,
TinyCars,player_is_colliding_above,0.0,0.0,
TinyCars,player_is_colliding_below,0.0,0.0,
TinyCars,player_is_colliding_left,0.0,0.0,
TinyCars,player_is_colliding_right,0.0,0.0,
TinyCars,player_is_falling,0.0,0.0,
TinyCars,player_is_jumping,0.0,0.0,
TinyCars,player_point_pickup,0.0,0.0,
TinyCars,player_power_pickup,0.0,0.0,
TinyCars,player_boost_pickup,0.0,0.0,
TinyCars,player_slow_pickup,0.0,0.0,
TinyCars,player_has_powerup,0.0,0.0,
TinyCars,bot_has_collisions,0.0,0.0,
TinyCars,bot_is_colliding_above,0.0,0.0,
TinyCars,bot_is_colliding_below,0.0,0.0,
TinyCars,bot_is_colliding_left,0.0,0.0,
TinyCars,bot_is_colliding_right,0.0,0.0,
TinyCars,bot_is_falling,0.0,0.0,
TinyCars,bot_is_jumping,0.0,0.0,
TinyCars,bot_charging,0.0,0.0,
TopDown,[general]time_passed,1.0,0.9978381228578961,0.0835477067082945
TopDown,[general]input_intensity,1.0,0.8862465946040953,0.05223584018824649
TopDown,[general]input_diversity,1.0,0.8862465946040953,0.053334602294584595
TopDown,[general]activity,1.0,0.8863168995518059,0.12150410846442325
TopDown,[general]score,1.0,0.8505316811670621,0.1080905074847408
TopDown,[general]bot_count,1.0,0.7674839616838035,0.062189926912779386
TopDown,[general]bot_diversity,1.0,0.7588364531153879,0.1830076817522118
TopDown,[general]bot_movement,1.0,0.6907461112575798,0.037131623135217284
TopDown,[general]player_movement,1.0,0.9813164601458828,0.012637222306168355
TopDown,[general]object_intensity,1.0,0.9864662975656912,0.06525661218949472
TopDown,[general]object_diversity,1.0,0.5203269180068547,0.24439365987870945
TopDown,[general]event_intensity,1.0,0.4403901924597944,0.04046155767442638
TopDown,[general]event_diversity,1.0,0.4403901924597944,0.05382186778846716
TopDown,key_press_count,1.0,0.8862465946040953,0.05223584018824649
TopDown,idle_time,1.0,0.2871078302135513,0.12150410846442326
TopDown,player_score,1.0,0.8505316811670621,0.1080905074847408
TopDown,player_kill_count,1.0,0.023481852535372178,0.022918088418308065
TopDown,player_speed_x,1.0,0.5155286053255997,0.07937560560025558
TopDown,player_speed_y,1.0,0.007434748220406011,0.0025167177187454693
TopDown,player_speed_z,1.0,0.6119166886369628,0.0971673919131128
TopDown,player_delta_distance,1.0,0.8498462079268828,0.06379042800115287
TopDown,player_delta_rotation,1.0,0.9755163019597504,0.011316158260747207
TopDown,player_health,1.0,0.9435099745144565,0.09922866992709299
TopDown,player_healing,1.0,0.0,0.0
TopDown,player_damaged,1.0,0.06105984708673873,0.019116556014877786
TopDown,player_shooting,1.0,0.38121100272431674,0.1711255363652916
TopDown,player_reloading,1.0,0.0,0.0
TopDown,player_projectile_count,1.0,0.3811934264873891,0.074712352837244
TopDown,player_projectile_distance,1.0,0.3811934264873891,0.04878147018233356
TopDown,reticle_delta_distance,1.0,0.9737762545039107,0.010775142395573445
TopDown,player_crouching,1.0,0.0,0.0
TopDown,player_sprinting,1.0,0.0,0.0
TopDown,player_aim_at_enemy,1.0,0.10997451445645487,0.018166352439452183
TopDown,player_aim_at_destructible,1.0,0.11928992002812198,0.03636320105710447
TopDown,player_health_pickup,1.0,0.008190526408295984,0.00808446842771515
TopDown,visible_bot_count,1.0,0.7674839616838035,0.062189926912779386
TopDown,bot_speed_x,1.0,0.5879251252306881,0.06910389876031964
TopDown,bot_speed_y,1.0,0.0005975920555409087,0.0004363202429686512
TopDown,bot_speed_z,1.0,0.591053695403814,0.08471343693640974
TopDown,bot_delta_distance,1.0,0.6907461112575798,0.037131623135217284
TopDown, bot_delta_rotation ,1.0,0.5247385534757009,0.013042594655961704
TopDown,bot_health,1.0,0.7669390983390456,0.1748662126270272
TopDown,bot_damaged,1.0,0.09202917655329994,0.008540987844629692
TopDown,bot_shooting,1.0,0.23981017664118112,0.09574184647846676
TopDown,bot_reloading,1.0,0.0,0.0
TopDown,bot_projectile_count,1.0,0.29093944986378417,0.03950476133658668
TopDown,bot_projectile_player_distance,1.0,0.32240091396432025,0.0449843654656762
TopDown,bot_aim_at_player,1.0,0.11187274804464364,0.015130846819195607
TopDown,pick_ups_visible,1.0,0.4984269267949732,0.10355272472475446
TopDown,pick_up_player_disctance,1.0,0.4984269267949732,0.10259504260187702
TopDown,destructible_count,1.0,0.9846032164513577,0.051795273346248394
TopDown,objects_destroyed,1.0,0.019843571491343703,0.015610714075960107
TopDown,player_death,1.0,0.001230336584937165,0.0012288444552862228
TopDown,player_tries_shoot_on_reload,1.0,0.0,0.0
TopDown,player_standing,0.0,0.0,
TopDown,player_speed,0.0,0.0,
TopDown,player_speed_boost,0.0,0.0,
TopDown,player_is_grounded,0.0,0.0,
TopDown,player_is_mid_air,0.0,0.0,
TopDown,player_is_looping,0.0,0.0,
TopDown,player_is_crashing,0.0,0.0,
TopDown,player_is_off_road,0.0,0.0,
TopDown,player_gas_pedal,0.0,0.0,
TopDown,player_steering,0.0,0.0,
TopDown,player_lap,0.0,0.0,
TopDown,player_distance_to_way_point,0.0,0.0,
TopDown,player_respawn,0.0,0.0,
TopDown,bot_standing,0.0,0.0,
TopDown,bot_score,0.0,0.0,
TopDown,bot_speed,0.0,0.0,
TopDown,bot_speed_boost,0.0,0.0,
TopDown,bot_is_grounded,0.0,0.0,
TopDown,bot_is_looping,0.0,0.0,
TopDown,bot_is_off_road,0.0,0.0,
TopDown,bot_is_crashing,0.0,0.0,
TopDown,bot_gas_pedal,0.0,0.0,
TopDown,bot_steering,0.0,0.0,
TopDown,bot_lap,0.0,0.0,
TopDown,bot_distance_to_way_point,0.0,0.0,
TopDown,bot_delta_rotation,0.0,0.0,
TopDown,bot_player_distance,0.0,0.0,
TopDown,bot_respawn,0.0,0.0,
TopDown,visible_jump_count,0.0,0.0,
TopDown,visible_speed_boost_count,0.0,0.0,
TopDown,visible_obstacle_count,0.0,0.0,
TopDown,visible_loop_count,0.0,0.0,
TopDown,player_has_collisions,0.0,0.0,
TopDown,player_is_colliding_above,0.0,0.0,
TopDown,player_is_colliding_below,0.0,0.0,
TopDown,player_is_colliding_left,0.0,0.0,
TopDown,player_is_colliding_right,0.0,0.0,
TopDown,player_is_falling,0.0,0.0,
TopDown,player_is_jumping,0.0,0.0,
TopDown,player_point_pickup,0.0,0.0,
TopDown,player_power_pickup,0.0,0.0,
TopDown,player_boost_pickup,0.0,0.0,
TopDown,player_slow_pickup,0.0,0.0,
TopDown,player_has_powerup,0.0,0.0,
TopDown,bot_has_collisions,0.0,0.0,
TopDown,bot_is_colliding_above,0.0,0.0,
TopDown,bot_is_colliding_below,0.0,0.0,
TopDown,bot_is_colliding_left,0.0,0.0,
TopDown,bot_is_colliding_right,0.0,0.0,
TopDown,bot_is_falling,0.0,0.0,
TopDown,bot_is_jumping,0.0,0.0,
TopDown,bot_charging,0.0,0.0,
