[control]genre,[control]game,[control]player_id,[control]session_id,[control]video_name
Platformer,Endless,0AD33010-1AC1-E9FB-2FD4-313E3DF4692D,059D9382-652F-2B58-F39F-D6C4DC117D54,0AD33010-1AC1-E9FB-2FD4-313E3DF4692D_endless_059D9382-652F-2B58-F39F-D6C4DC117D54.webm
Platformer,Endless,1AE03BA6-E346-DEB8-4865-276ECC5CD9B1,6CBF340D-1FEA-F022-8558-B04C12F3585D,1AE03BA6-E346-DEB8-4865-276ECC5CD9B1_endless_6CBF340D-1FEA-F022-8558-B04C12F3585D.webm
Platformer,Endless,243FE25F-E451-21F6-7EFA-F9DACC7D31CA,D5259571-7E0D-B255-1A36-480AFA226C50,243FE25F-E451-21F6-7EFA-F9DACC7D31CA_endless_D5259571-7E0D-B255-1A36-480AFA226C50.webm
Platformer,Endless,5502FDE7-6AB5-FE68-3AC3-EB99E27C2B91,3D24BC78-AAD2-0AD4-BB4D-7D222D5E6261,5502FDE7-6AB5-FE68-3AC3-EB99E27C2B91_endless_3D24BC78-AAD2-0AD4-BB4D-7D222D5E6261.webm
Platformer,Endless,623D68EC-1C36-4E39-4317-BE7B59F593D2,951D4DCF-5E32-E7FB-1B02-7F8DD1DAEF27,623D68EC-1C36-4E39-4317-BE7B59F593D2_endless_951D4DCF-5E32-E7FB-1B02-7F8DD1DAEF27.webm
Platformer,Endless,64A0EC69-0CE2-8405-0FFC-D63A7F55E703,91553A0C-A264-4832-60E4-D5CE15E03C37,64A0EC69-0CE2-8405-0FFC-D63A7F55E703_endless_91553A0C-A264-4832-60E4-D5CE15E03C37.webm
Platformer,Endless,6E42D32E-048C-D829-197E-7950E78F58CB,0639BF13-F04A-4BA6-A9C5-A0383B9D76D9,6E42D32E-048C-D829-197E-7950E78F58CB_endless_0639BF13-F04A-4BA6-A9C5-A0383B9D76D9.webm
Platformer,Endless,8DD09016-F898-915E-4A5C-727F57619D73,915A71B2-E3C6-FF5A-2F37-8D985B88F129,8DD09016-F898-915E-4A5C-727F57619D73_endless_915A71B2-E3C6-FF5A-2F37-8D985B88F129.webm
Platformer,Endless,B0AAFE06-91C2-2C6D-4547-7508BB719E45,CA3D2CA5-AC46-643C-26B5-10D2094D7062,B0AAFE06-91C2-2C6D-4547-7508BB719E45_endless_CA3D2CA5-AC46-643C-26B5-10D2094D7062.webm
Platformer,Endless,C0ABDBF6-67EF-EA64-A2D1-42FA92BD5713,0135ECD3-406E-84FD-C35D-5DB6C9B625A9,C0ABDBF6-67EF-EA64-A2D1-42FA92BD5713_endless_0135ECD3-406E-84FD-C35D-5DB6C9B625A9.webm
Platformer,Endless,C5A540EA-A98F-9BE7-0AF4-CEC3DA884958,3F1A8E1A-160E-03FA-24E3-63E8F1509CC4,C5A540EA-A98F-9BE7-0AF4-CEC3DA884958_endless_3F1A8E1A-160E-03FA-24E3-63E8F1509CC4.webm
Platformer,Endless,E3489F9E-39E2-47B9-24EF-BAACE1438D00,91BAF478-79CB-76EE-AB09-4038E84CE8CF,E3489F9E-39E2-47B9-24EF-BAACE1438D00_endless_91BAF478-79CB-76EE-AB09-4038E84CE8CF.webm
Platformer,Pirates!,5270C847-54C3-180E-9737-1D87A639C450,BCAE1295-E6ED-218A-8D9D-8E0C10CDBF3E,5270C847-54C3-180E-9737-1D87A639C450_platform_BCAE1295-E6ED-218A-8D9D-8E0C10CDBF3E.webm
Platformer,Pirates!,5502FDE7-6AB5-FE68-3AC3-EB99E27C2B91,67183E44-D2D6-FC9A-9171-FD64C81DCB32,5502FDE7-6AB5-FE68-3AC3-EB99E27C2B91_platform_67183E44-D2D6-FC9A-9171-FD64C81DCB32.webm
Platformer,Pirates!,56EF301B-39F0-ED8F-E067-59FB50186E9C,ED85D7B4-F090-179A-2FED-7D0C35727747,56EF301B-39F0-ED8F-E067-59FB50186E9C_platform_ED85D7B4-F090-179A-2FED-7D0C35727747.webm
Platformer,Pirates!,623D68EC-1C36-4E39-4317-BE7B59F593D2,5608B260-3FEB-FA5F-CA15-DDF9FB13A669,623D68EC-1C36-4E39-4317-BE7B59F593D2_platform_5608B260-3FEB-FA5F-CA15-DDF9FB13A669.webm
Platformer,Pirates!,64A0EC69-0CE2-8405-0FFC-D63A7F55E703,F9EF5C2F-2DFB-F4E6-D3FC-903335B3F577,64A0EC69-0CE2-8405-0FFC-D63A7F55E703_platform_F9EF5C2F-2DFB-F4E6-D3FC-903335B3F577.webm
Platformer,Pirates!,8DD09016-F898-915E-4A5C-727F57619D73,6E7B7B88-8D89-38C7-C338-02EC8F2EAC61,8DD09016-F898-915E-4A5C-727F57619D73_platform_6E7B7B88-8D89-38C7-C338-02EC8F2EAC61.webm
Platformer,Pirates!,94AA1B20-A5D9-F2B4-FD96-2F20A00FAE89,8285D417-27B5-B6AA-1865-C34B7D408CAF,94AA1B20-A5D9-F2B4-FD96-2F20A00FAE89_platform_8285D417-27B5-B6AA-1865-C34B7D408CAF.webm
Platformer,Pirates!,99827717-1B21-7ECC-CAD1-99489F7E19EA,1E5B240B-FF8D-173A-42EA-536B53AF7860,99827717-1B21-7ECC-CAD1-99489F7E19EA_platform_1E5B240B-FF8D-173A-42EA-536B53AF7860.webm
Platformer,Pirates!,A43E8D46-F136-DB41-3E16-F9F161DBA1D6,08187AEF-F132-5EFD-EC80-395F8ABE3187,A43E8D46-F136-DB41-3E16-F9F161DBA1D6_platform_08187AEF-F132-5EFD-EC80-395F8ABE3187.webm
Platformer,Pirates!,A4D472BD-7D7D-0E62-8837-716018980593,0025E144-2287-A32D-3E13-67F9F9C54A02,A4D472BD-7D7D-0E62-8837-716018980593_platform_0025E144-2287-A32D-3E13-67F9F9C54A02.webm
Platformer,Pirates!,B17DF37B-207D-A052-4D45-F862B3BF4C4C,80C4F574-8486-1F62-09B4-2F19AB187545,B17DF37B-207D-A052-4D45-F862B3BF4C4C_platform_80C4F574-8486-1F62-09B4-2F19AB187545.webm
Platformer,Pirates!,C5A540EA-A98F-9BE7-0AF4-CEC3DA884958,5D02BD24-C528-FB46-5FD2-8FEEE7D05A2C,C5A540EA-A98F-9BE7-0AF4-CEC3DA884958_platform_5D02BD24-C528-FB46-5FD2-8FEEE7D05A2C.webm
Platformer,Pirates!,D57F474B-B38C-E9AF-73CC-2CF16EED3827,E60BED7D-1D08-8234-7677-DEB433179B37,D57F474B-B38C-E9AF-73CC-2CF16EED3827_platform_E60BED7D-1D08-8234-7677-DEB433179B37.webm
Platformer,Pirates!,D8D27F81-4F83-E10A-448A-735447867552,E6E9E8BF-F86A-4328-0AB2-EBDAC4122D8F,D8D27F81-4F83-E10A-448A-735447867552_platform_E6E9E8BF-F86A-4328-0AB2-EBDAC4122D8F.webm
Platformer,Run'N'Gun,06F9F8CE-9696-23CA-25B5-000AA4A793BA,194CCB37-F21C-8027-ED75-BA75F41759C4,06F9F8CE-9696-23CA-25B5-000AA4A793BA_gun_194CCB37-F21C-8027-ED75-BA75F41759C4.webm
Platformer,Run'N'Gun,09FCECC4-F94E-ED69-5E9B-3223B590A149,10B25163-A615-731D-EECD-CEF352022F64,09FCECC4-F94E-ED69-5E9B-3223B590A149_gun_10B25163-A615-731D-EECD-CEF352022F64.webm
Platformer,Run'N'Gun,165B40B2-D9B2-DBC0-AE48-02C0F49A609F,1D6CD9A7-C26D-A511-8BD5-0E2FEC6D43A4,165B40B2-D9B2-DBC0-AE48-02C0F49A609F_gun_1D6CD9A7-C26D-A511-8BD5-0E2FEC6D43A4.webm
Platformer,Run'N'Gun,37249306-1597-DC6D-3544-6FEDBBF8B848,76225012-3B40-0DE6-6FF7-2571EAAF3E75,37249306-1597-DC6D-3544-6FEDBBF8B848_gun_76225012-3B40-0DE6-6FF7-2571EAAF3E75.webm
Platformer,Run'N'Gun,3C54E0F5-9C12-3137-9EC1-39645770F53A,B62B7749-113B-6EAF-57D4-0D2C2B7B14AF,3C54E0F5-9C12-3137-9EC1-39645770F53A_gun_B62B7749-113B-6EAF-57D4-0D2C2B7B14AF.webm
Platformer,Run'N'Gun,5270C847-54C3-180E-9737-1D87A639C450,AF402AD2-4B09-55AD-EDBB-232D97F29EDB,5270C847-54C3-180E-9737-1D87A639C450_gun_AF402AD2-4B09-55AD-EDBB-232D97F29EDB.webm
Platformer,Run'N'Gun,5502FDE7-6AB5-FE68-3AC3-EB99E27C2B91,4EF3CACA-ABEC-2178-7677-7B510425F509,5502FDE7-6AB5-FE68-3AC3-EB99E27C2B91_gun_4EF3CACA-ABEC-2178-7677-7B510425F509.webm
Platformer,Run'N'Gun,56EF301B-39F0-ED8F-E067-59FB50186E9C,E8AA7F25-C146-31B2-B881-FD935BDB27D2,56EF301B-39F0-ED8F-E067-59FB50186E9C_gun_E8AA7F25-C146-31B2-B881-FD935BDB27D2.webm
Platformer,Run'N'Gun,A4D472BD-7D7D-0E62-8837-716018980593,BA6E0A07-4451-FCE0-FFE6-F6804C7443D8,A4D472BD-7D7D-0E62-8837-716018980593_gun_BA6E0A07-4451-FCE0-FFE6-F6804C7443D8.webm
Platformer,Run'N'Gun,A7C426E7-344F-99F4-6E35-453AF3AD9C2C,60249286-71E4-DB3C-2CEB-C1D9953FFA78,A7C426E7-344F-99F4-6E35-453AF3AD9C2C_gun_60249286-71E4-DB3C-2CEB-C1D9953FFA78.webm
Platformer,Run'N'Gun,C0ABDBF6-67EF-EA64-A2D1-42FA92BD5713,C9EF745D-B4EE-E75F-DCF0-C4B0F2E705FB,C0ABDBF6-67EF-EA64-A2D1-42FA92BD5713_gun_C9EF745D-B4EE-E75F-DCF0-C4B0F2E705FB.webm
Platformer,Run'N'Gun,C5A540EA-A98F-9BE7-0AF4-CEC3DA884958,D47002F5-06BE-1950-B023-9F35D9A7C19C,C5A540EA-A98F-9BE7-0AF4-CEC3DA884958_gun_D47002F5-06BE-1950-B023-9F35D9A7C19C.webm
Platformer,Run'N'Gun,D8D27F81-4F83-E10A-448A-735447867552,55D82F06-8C0B-B983-3E79-3F2AA5F531ED,D8D27F81-4F83-E10A-448A-735447867552_gun_55D82F06-8C0B-B983-3E79-3F2AA5F531ED.webm
Platformer,Run'N'Gun,FB3409F8-2ADE-757A-A1A5-DC1BBBD1131A,6D2EA4BE-7C38-9E7F-156A-6CCCE5991828,FB3409F8-2ADE-757A-A1A5-DC1BBBD1131A_gun_6D2EA4BE-7C38-9E7F-156A-6CCCE5991828.webm
Racing,ApexSpeed,0B5863F1-A482-C95D-EA42-9183B5BDFA12,47AADA4A-18ED-A70E-69CE-DC4BC339D329,0B5863F1-A482-C95D-EA42-9183B5BDFA12_apex_47AADA4A-18ED-A70E-69CE-DC4BC339D329.webm
Racing,ApexSpeed,10FFF83C-FD48-DCA7-E554-491C3C1E3EC6,F8DEA71A-0C17-3274-7017-E8A8D2EF300B,10FFF83C-FD48-DCA7-E554-491C3C1E3EC6_apex_F8DEA71A-0C17-3274-7017-E8A8D2EF300B.webm
Racing,ApexSpeed,1AE03BA6-E346-DEB8-4865-276ECC5CD9B1,F155A892-E0E5-6993-91A6-1CC40F6F3E1B,1AE03BA6-E346-DEB8-4865-276ECC5CD9B1_apex_F155A892-E0E5-6993-91A6-1CC40F6F3E1B.webm
Racing,ApexSpeed,5502FDE7-6AB5-FE68-3AC3-EB99E27C2B91,30AB6ADE-FAD0-B4B0-E6B0-8198562FCC68,5502FDE7-6AB5-FE68-3AC3-EB99E27C2B91_apex_30AB6ADE-FAD0-B4B0-E6B0-8198562FCC68.webm
Racing,ApexSpeed,56EF301B-39F0-ED8F-E067-59FB50186E9C,B558D406-C167-B000-F2C3-98505CD6E2CC,56EF301B-39F0-ED8F-E067-59FB50186E9C_apex_B558D406-C167-B000-F2C3-98505CD6E2CC.webm
Racing,ApexSpeed,64A0EC69-0CE2-8405-0FFC-D63A7F55E703,329D85F9-5869-CEB3-437C-3950967A06D2,64A0EC69-0CE2-8405-0FFC-D63A7F55E703_apex_329D85F9-5869-CEB3-437C-3950967A06D2.webm
Racing,ApexSpeed,A4D472BD-7D7D-0E62-8837-716018980593,61398F76-D11B-5A86-45C2-513D6A7D2111,A4D472BD-7D7D-0E62-8837-716018980593_apex_61398F76-D11B-5A86-45C2-513D6A7D2111.webm
Racing,ApexSpeed,C0ABDBF6-67EF-EA64-A2D1-42FA92BD5713,0D0798BE-8954-ABB7-8E37-66A5E171DFA4,C0ABDBF6-67EF-EA64-A2D1-42FA92BD5713_apex_0D0798BE-8954-ABB7-8E37-66A5E171DFA4.webm
Racing,ApexSpeed,C24A665A-6B67-FDEA-04A4-C2DA3AF79D51,2CE48951-5158-3137-52EE-0C9EDC5B1566,C24A665A-6B67-FDEA-04A4-C2DA3AF79D51_apex_2CE48951-5158-3137-52EE-0C9EDC5B1566.webm
Racing,ApexSpeed,C5A540EA-A98F-9BE7-0AF4-CEC3DA884958,A1B55011-EEF8-F4DA-FC33-AC95762F8F7E,C5A540EA-A98F-9BE7-0AF4-CEC3DA884958_apex_A1B55011-EEF8-F4DA-FC33-AC95762F8F7E.webm
Racing,Solid,09FCECC4-F94E-ED69-5E9B-3223B590A149,F7DAF2BC-D1AB-011D-4C21-17C1CC3C428F,09FCECC4-F94E-ED69-5E9B-3223B590A149_solid_F7DAF2BC-D1AB-011D-4C21-17C1CC3C428F.webm
Racing,Solid,10FFF83C-FD48-DCA7-E554-491C3C1E3EC6,AA34C60D-0D0C-D831-9832-68326266106E,10FFF83C-FD48-DCA7-E554-491C3C1E3EC6_solid_AA34C60D-0D0C-D831-9832-68326266106E.webm
Racing,Solid,1FA97947-2FB7-D626-8CD3-2426BEEE97D1,8ED24301-6D6F-3EEB-ABBC-8FF00FA0B897,1FA97947-2FB7-D626-8CD3-2426BEEE97D1_solid_8ED24301-6D6F-3EEB-ABBC-8FF00FA0B897.webm
Racing,Solid,27C12E79-B4DD-AA48-E99E-552C6BAEBA6F,CE4B886C-E01B-BD09-1430-A65928DA7F4F,27C12E79-B4DD-AA48-E99E-552C6BAEBA6F_solid_CE4B886C-E01B-BD09-1430-A65928DA7F4F.webm
Racing,Solid,5502FDE7-6AB5-FE68-3AC3-EB99E27C2B91,70008A89-4F79-4BB9-1802-41841827AF4C,5502FDE7-6AB5-FE68-3AC3-EB99E27C2B91_solid_70008A89-4F79-4BB9-1802-41841827AF4C.webm
Racing,Solid,56EF301B-39F0-ED8F-E067-59FB50186E9C,853CD14C-D239-7DAA-15CC-D99011044EE2,56EF301B-39F0-ED8F-E067-59FB50186E9C_solid_853CD14C-D239-7DAA-15CC-D99011044EE2.webm
Racing,Solid,623D68EC-1C36-4E39-4317-BE7B59F593D2,CA24E506-E33F-9BBC-DFBA-659CA1BAAAB8,623D68EC-1C36-4E39-4317-BE7B59F593D2_solid_CA24E506-E33F-9BBC-DFBA-659CA1BAAAB8.webm
Racing,Solid,8322EDEF-4C09-318A-1B7E-56D62A6839AD,541AAA97-D319-5920-47BA-C4FDC7E4F050,8322EDEF-4C09-318A-1B7E-56D62A6839AD_solid_541AAA97-D319-5920-47BA-C4FDC7E4F050.webm
Racing,Solid,94AA1B20-A5D9-F2B4-FD96-2F20A00FAE89,E71B2506-09C7-25C6-E510-F592E6638003,94AA1B20-A5D9-F2B4-FD96-2F20A00FAE89_solid_E71B2506-09C7-25C6-E510-F592E6638003.webm
Racing,Solid,A4D472BD-7D7D-0E62-8837-716018980593,B048F6C7-5D34-FB70-AC59-8F5D3370C669,A4D472BD-7D7D-0E62-8837-716018980593_solid_B048F6C7-5D34-FB70-AC59-8F5D3370C669.webm
Racing,Solid,A7C426E7-344F-99F4-6E35-453AF3AD9C2C,108B2CBA-201F-8918-1CF5-A99A7B390619,A7C426E7-344F-99F4-6E35-453AF3AD9C2C_solid_108B2CBA-201F-8918-1CF5-A99A7B390619.webm
Racing,Solid,B0AAFE06-91C2-2C6D-4547-7508BB719E45,1A1E8D79-38DA-6AEA-88F6-B7A970F1AA5E,B0AAFE06-91C2-2C6D-4547-7508BB719E45_solid_1A1E8D79-38DA-6AEA-88F6-B7A970F1AA5E.webm
Racing,Solid,C5A540EA-A98F-9BE7-0AF4-CEC3DA884958,6BA92DCA-7308-951F-30CD-B96E6F6141E1,C5A540EA-A98F-9BE7-0AF4-CEC3DA884958_solid_6BA92DCA-7308-951F-30CD-B96E6F6141E1.webm
Racing,Solid,D0F7ABC0-F552-63CD-CAC6-6703C39B83CA,86111FD8-6ECB-1402-9175-38736B036BEE,D0F7ABC0-F552-63CD-CAC6-6703C39B83CA_solid_86111FD8-6ECB-1402-9175-38736B036BEE.webm
Racing,Solid,FB3409F8-2ADE-757A-A1A5-DC1BBBD1131A,B783DAE3-D73D-68FA-58D2-97C8B07C63C0,FB3409F8-2ADE-757A-A1A5-DC1BBBD1131A_solid_B783DAE3-D73D-68FA-58D2-97C8B07C63C0.webm
Racing,TinyCars,09FCECC4-F94E-ED69-5E9B-3223B590A149,BD825D55-ABBB-7BA1-C6A2-60A83D1CF198,09FCECC4-F94E-ED69-5E9B-3223B590A149_tiny_BD825D55-ABBB-7BA1-C6A2-60A83D1CF198.webm
Racing,TinyCars,0AD33010-1AC1-E9FB-2FD4-313E3DF4692D,83B5C684-D511-69F0-9054-B70ED8BD86D6,0AD33010-1AC1-E9FB-2FD4-313E3DF4692D_tiny_83B5C684-D511-69F0-9054-B70ED8BD86D6.webm
Racing,TinyCars,10FFF83C-FD48-DCA7-E554-491C3C1E3EC6,3B548602-2568-482D-ADEB-22A03262E8C2,10FFF83C-FD48-DCA7-E554-491C3C1E3EC6_tiny_3B548602-2568-482D-ADEB-22A03262E8C2.webm
Racing,TinyCars,5270C847-54C3-180E-9737-1D87A639C450,2D5B50E3-8235-72D0-0DD0-5F6427B2C585,5270C847-54C3-180E-9737-1D87A639C450_tiny_2D5B50E3-8235-72D0-0DD0-5F6427B2C585.webm
Racing,TinyCars,5502FDE7-6AB5-FE68-3AC3-EB99E27C2B91,813AF3A3-6763-F0AC-A3E9-16B99ECF7164,5502FDE7-6AB5-FE68-3AC3-EB99E27C2B91_tiny_813AF3A3-6763-F0AC-A3E9-16B99ECF7164.webm
Racing,TinyCars,56EF301B-39F0-ED8F-E067-59FB50186E9C,98AD7418-27D0-0BD9-616C-582738036671,56EF301B-39F0-ED8F-E067-59FB50186E9C_tiny_98AD7418-27D0-0BD9-616C-582738036671.webm
Racing,TinyCars,5CD23052-9069-615B-22B2-CB8E9A2413C9,5C0643F9-137B-CF15-5EB4-FB0FDCAC9224,5CD23052-9069-615B-22B2-CB8E9A2413C9_tiny_5C0643F9-137B-CF15-5EB4-FB0FDCAC9224.webm
Racing,TinyCars,64A0EC69-0CE2-8405-0FFC-D63A7F55E703,3A935B60-FAAE-A0D0-1650-27C81F826575,64A0EC69-0CE2-8405-0FFC-D63A7F55E703_tiny_3A935B60-FAAE-A0D0-1650-27C81F826575.webm
Racing,TinyCars,6E42D32E-048C-D829-197E-7950E78F58CB,12EB716B-9A27-5373-B408-A22A9AA0306E,6E42D32E-048C-D829-197E-7950E78F58CB_tiny_12EB716B-9A27-5373-B408-A22A9AA0306E.webm
Racing,TinyCars,862DB2BA-55C9-5794-03BC-FBBA3BEE80C7,2F8EBDB5-D0E0-88E9-B838-29411D1608AD,862DB2BA-55C9-5794-03BC-FBBA3BEE80C7_tiny_2F8EBDB5-D0E0-88E9-B838-29411D1608AD.webm
Racing,TinyCars,A4D472BD-7D7D-0E62-8837-716018980593,ECE3D2ED-F8B8-6B81-9628-A95FF96C0949,A4D472BD-7D7D-0E62-8837-716018980593_tiny_ECE3D2ED-F8B8-6B81-9628-A95FF96C0949.webm
Racing,TinyCars,C0ABDBF6-67EF-EA64-A2D1-42FA92BD5713,BFB6793B-8AA0-FDE9-2166-DB296F80DF0A,C0ABDBF6-67EF-EA64-A2D1-42FA92BD5713_tiny_BFB6793B-8AA0-FDE9-2166-DB296F80DF0A.webm
Racing,TinyCars,C5A540EA-A98F-9BE7-0AF4-CEC3DA884958,8AA8905B-7CA6-6EEB-8076-572297E7C4EE,C5A540EA-A98F-9BE7-0AF4-CEC3DA884958_tiny_8AA8905B-7CA6-6EEB-8076-572297E7C4EE.webm
Racing,TinyCars,D57F474B-B38C-E9AF-73CC-2CF16EED3827,B144219C-576E-364E-D944-EB680374780A,D57F474B-B38C-E9AF-73CC-2CF16EED3827_tiny_B144219C-576E-364E-D944-EB680374780A.webm
Racing,TinyCars,FB3409F8-2ADE-757A-A1A5-DC1BBBD1131A,FAE3A2DC-185E-C9D2-ADCC-408258491643,FB3409F8-2ADE-757A-A1A5-DC1BBBD1131A_tiny_FAE3A2DC-185E-C9D2-ADCC-408258491643.webm
Shooter,Heist!,14027B3A-0AD6-CBA3-A600-42B3C0A4D933,3014ECCF-FF6C-1D0C-0388-0BFE5CF9236C,14027B3A-0AD6-CBA3-A600-42B3C0A4D933_fps_3014ECCF-FF6C-1D0C-0388-0BFE5CF9236C.webm
Shooter,Heist!,5502FDE7-6AB5-FE68-3AC3-EB99E27C2B91,E3A0B5F0-AC9E-41F1-99AD-1E48D0E8696C,5502FDE7-6AB5-FE68-3AC3-EB99E27C2B91_fps_E3A0B5F0-AC9E-41F1-99AD-1E48D0E8696C.webm
Shooter,Heist!,56EF301B-39F0-ED8F-E067-59FB50186E9C,14E6A45C-CC15-862B-E328-73A1A8B137EF,56EF301B-39F0-ED8F-E067-59FB50186E9C_fps_14E6A45C-CC15-862B-E328-73A1A8B137EF.webm
Shooter,Heist!,77F6B31E-B228-3C6D-A66F-E7E6FDED3587,577EF511-FB38-2E40-EBFB-44EB6212FE03,77F6B31E-B228-3C6D-A66F-E7E6FDED3587_fps_577EF511-FB38-2E40-EBFB-44EB6212FE03.webm
Shooter,Heist!,862DB2BA-55C9-5794-03BC-FBBA3BEE80C7,7EA1D183-58A0-CD0D-77F4-4C4AB9EEA966,862DB2BA-55C9-5794-03BC-FBBA3BEE80C7_fps_7EA1D183-58A0-CD0D-77F4-4C4AB9EEA966.webm
Shooter,Heist!,94AA1B20-A5D9-F2B4-FD96-2F20A00FAE89,93854F4E-DD91-08A6-DC04-43AD258C44F5,94AA1B20-A5D9-F2B4-FD96-2F20A00FAE89_fps_93854F4E-DD91-08A6-DC04-43AD258C44F5.webm
Shooter,Heist!,9A80CFF4-085D-6435-BA08-18E6496A8381,79D72395-4C9A-8850-ED32-27D54089F32E,9A80CFF4-085D-6435-BA08-18E6496A8381_fps_79D72395-4C9A-8850-ED32-27D54089F32E.webm
Shooter,Heist!,A4D472BD-7D7D-0E62-8837-716018980593,10C6A305-34C5-069E-318F-6DB589926649,A4D472BD-7D7D-0E62-8837-716018980593_fps_10C6A305-34C5-069E-318F-6DB589926649.webm
Shooter,Heist!,BC7EE230-0AF9-3AC5-24E5-8EC4B0B432A8,84DCD7B9-1456-9364-788B-0FA16455F0D3,BC7EE230-0AF9-3AC5-24E5-8EC4B0B432A8_fps_84DCD7B9-1456-9364-788B-0FA16455F0D3.webm
Shooter,Heist!,C5A540EA-A98F-9BE7-0AF4-CEC3DA884958,7F96E814-2B1B-C50E-53FB-FACCF451CE83,C5A540EA-A98F-9BE7-0AF4-CEC3DA884958_fps_7F96E814-2B1B-C50E-53FB-FACCF451CE83.webm
Shooter,Heist!,CD5833CD-93D3-318C-371A-18A32DEFC38B,8E6A4014-86C8-1398-8F96-17B97739CA40,CD5833CD-93D3-318C-371A-18A32DEFC38B_fps_8E6A4014-86C8-1398-8F96-17B97739CA40.webm
Shooter,Heist!,D8D27F81-4F83-E10A-448A-735447867552,C2FC4654-CDCF-5785-0A9D-146971DDF4C2,D8D27F81-4F83-E10A-448A-735447867552_fps_C2FC4654-CDCF-5785-0A9D-146971DDF4C2.webm
Shooter,Heist!,EE62AFCD-B47D-E676-0257-21F92CB612D8,AA604A01-FE17-C981-C6EA-DFDEC05F9845,EE62AFCD-B47D-E676-0257-21F92CB612D8_fps_AA604A01-FE17-C981-C6EA-DFDEC05F9845.webm
Shooter,Heist!,FB3409F8-2ADE-757A-A1A5-DC1BBBD1131A,43867234-298D-D167-F277-5092CAF4D2B0,FB3409F8-2ADE-757A-A1A5-DC1BBBD1131A_fps_43867234-298D-D167-F277-5092CAF4D2B0.webm
Shooter,Shootout,06F9F8CE-9696-23CA-25B5-000AA4A793BA,7A7B47AB-1502-0E26-8E5E-67AE5897F9AB,06F9F8CE-9696-23CA-25B5-000AA4A793BA_gallery_7A7B47AB-1502-0E26-8E5E-67AE5897F9AB.webm
Shooter,Shootout,10FFF83C-FD48-DCA7-E554-491C3C1E3EC6,A21572F1-787A-4500-15C6-2E6AE4FE5883,10FFF83C-FD48-DCA7-E554-491C3C1E3EC6_gallery_A21572F1-787A-4500-15C6-2E6AE4FE5883.webm
Shooter,Shootout,243FE25F-E451-21F6-7EFA-F9DACC7D31CA,6EDF0FAB-6D14-A1E8-BC5E-5E828E4E1A8D,243FE25F-E451-21F6-7EFA-F9DACC7D31CA_gallery_6EDF0FAB-6D14-A1E8-BC5E-5E828E4E1A8D.webm
Shooter,Shootout,4CAE9D77-C8A8-2EE8-53D0-7C3C6331B2C5,85748B1B-BD2C-CB61-8BFE-39F8D67D355D,4CAE9D77-C8A8-2EE8-53D0-7C3C6331B2C5_gallery_85748B1B-BD2C-CB61-8BFE-39F8D67D355D.webm
Shooter,Shootout,5502FDE7-6AB5-FE68-3AC3-EB99E27C2B91,A5CC2252-0A5C-0A1C-0CDF-816598D0C46F,5502FDE7-6AB5-FE68-3AC3-EB99E27C2B91_gallery_A5CC2252-0A5C-0A1C-0CDF-816598D0C46F.webm
Shooter,Shootout,56EF301B-39F0-ED8F-E067-59FB50186E9C,20E8F88B-D8A1-4651-DF89-9704D6DB0588,56EF301B-39F0-ED8F-E067-59FB50186E9C_gallery_20E8F88B-D8A1-4651-DF89-9704D6DB0588.webm
Shooter,Shootout,6B690AF9-8440-1C43-B353-FA85266AA12C,91FB7AA4-BF2A-7C1E-8700-50E87881F572,6B690AF9-8440-1C43-B353-FA85266AA12C_gallery_91FB7AA4-BF2A-7C1E-8700-50E87881F572.webm
Shooter,Shootout,6E42D32E-048C-D829-197E-7950E78F58CB,700478F9-F35B-F141-8ABA-714D758FBEE5,6E42D32E-048C-D829-197E-7950E78F58CB_gallery_700478F9-F35B-F141-8ABA-714D758FBEE5.webm
Shooter,Shootout,8DD09016-F898-915E-4A5C-727F57619D73,96EEF565-183A-229D-68B0-B78827F5C506,8DD09016-F898-915E-4A5C-727F57619D73_gallery_96EEF565-183A-229D-68B0-B78827F5C506.webm
Shooter,Shootout,A43E8D46-F136-DB41-3E16-F9F161DBA1D6,BE43936C-BC60-85D4-0CF8-F37E7B6A29F6,A43E8D46-F136-DB41-3E16-F9F161DBA1D6_gallery_BE43936C-BC60-85D4-0CF8-F37E7B6A29F6.webm
Shooter,Shootout,A4D472BD-7D7D-0E62-8837-716018980593,64CA1D80-8647-E5F0-8663-E18D9D3BF2D9,A4D472BD-7D7D-0E62-8837-716018980593_gallery_64CA1D80-8647-E5F0-8663-E18D9D3BF2D9.webm
Shooter,Shootout,C0ABDBF6-67EF-EA64-A2D1-42FA92BD5713,EC03AEED-34EC-6488-9DDE-3E3E0921A432,C0ABDBF6-67EF-EA64-A2D1-42FA92BD5713_gallery_EC03AEED-34EC-6488-9DDE-3E3E0921A432.webm
Shooter,Shootout,C5A540EA-A98F-9BE7-0AF4-CEC3DA884958,53148040-EF25-9687-A9C1-9266E34550C6,C5A540EA-A98F-9BE7-0AF4-CEC3DA884958_gallery_53148040-EF25-9687-A9C1-9266E34550C6.webm
Shooter,Shootout,D57F474B-B38C-E9AF-73CC-2CF16EED3827,D0DC97BC-0DDF-53EF-41EF-8144466D0A1C,D57F474B-B38C-E9AF-73CC-2CF16EED3827_gallery_D0DC97BC-0DDF-53EF-41EF-8144466D0A1C.webm
Shooter,Shootout,D8D27F81-4F83-E10A-448A-735447867552,91C8F134-CDF6-A620-1102-802BAF839920,D8D27F81-4F83-E10A-448A-735447867552_gallery_91C8F134-CDF6-A620-1102-802BAF839920.webm
Shooter,Shootout,DE775A65-68D5-C477-E2F7-BCC1AEF0B850,F2BA864E-AA10-BD5C-862E-7253E1FBA1AF,DE775A65-68D5-C477-E2F7-BCC1AEF0B850_gallery_F2BA864E-AA10-BD5C-862E-7253E1FBA1AF.webm
Shooter,Shootout,FB3409F8-2ADE-757A-A1A5-DC1BBBD1131A,29F2B623-2588-2B21-FE88-9F97A407927E,FB3409F8-2ADE-757A-A1A5-DC1BBBD1131A_gallery_29F2B623-2588-2B21-FE88-9F97A407927E.webm
Shooter,Shootout,FB70D507-2F2A-0F83-3B53-75EB8452F5E0,6EE64343-9AD4-55CC-FC42-DDE21C60FEE8,FB70D507-2F2A-0F83-3B53-75EB8452F5E0_gallery_6EE64343-9AD4-55CC-FC42-DDE21C60FEE8.webm
Shooter,TopDown,06F9F8CE-9696-23CA-25B5-000AA4A793BA,C86AF96D-40B2-6580-4B90-A004554F9E1C,06F9F8CE-9696-23CA-25B5-000AA4A793BA_topdown_C86AF96D-40B2-6580-4B90-A004554F9E1C.webm
Shooter,TopDown,3C54E0F5-9C12-3137-9EC1-39645770F53A,1842E98B-7922-7AA7-C7D4-09757E37911E,3C54E0F5-9C12-3137-9EC1-39645770F53A_topdown_1842E98B-7922-7AA7-C7D4-09757E37911E.webm
Shooter,TopDown,5502FDE7-6AB5-FE68-3AC3-EB99E27C2B91,C38DD15A-353B-4ECC-81CA-10D57234AFA7,5502FDE7-6AB5-FE68-3AC3-EB99E27C2B91_topdown_C38DD15A-353B-4ECC-81CA-10D57234AFA7.webm
Shooter,TopDown,5CD23052-9069-615B-22B2-CB8E9A2413C9,FF3CB877-59D4-FA49-93D7-7EA95019AF28,5CD23052-9069-615B-22B2-CB8E9A2413C9_topdown_FF3CB877-59D4-FA49-93D7-7EA95019AF28.webm
Shooter,TopDown,64A0EC69-0CE2-8405-0FFC-D63A7F55E703,1C750044-BB75-4A39-5FEA-88ADA085D599,64A0EC69-0CE2-8405-0FFC-D63A7F55E703_topdown_1C750044-BB75-4A39-5FEA-88ADA085D599.webm
Shooter,TopDown,862DB2BA-55C9-5794-03BC-FBBA3BEE80C7,B7A77239-3F66-A6F1-BCA9-ADF8C6B19130,862DB2BA-55C9-5794-03BC-FBBA3BEE80C7_topdown_B7A77239-3F66-A6F1-BCA9-ADF8C6B19130.webm
Shooter,TopDown,99C0C5AE-01AD-1BB2-A36B-74B166CB26BA,D8DE63B6-5FC4-8150-170E-46051417D324,99C0C5AE-01AD-1BB2-A36B-74B166CB26BA_topdown_D8DE63B6-5FC4-8150-170E-46051417D324.webm
Shooter,TopDown,A4D472BD-7D7D-0E62-8837-716018980593,45C957C5-0B76-5FDB-C627-8F8D26AFB5D7,A4D472BD-7D7D-0E62-8837-716018980593_topdown_45C957C5-0B76-5FDB-C627-8F8D26AFB5D7.webm
Shooter,TopDown,C5A540EA-A98F-9BE7-0AF4-CEC3DA884958,C9006249-85D9-85B8-9A49-B1284B35FE38,C5A540EA-A98F-9BE7-0AF4-CEC3DA884958_topdown_C9006249-85D9-85B8-9A49-B1284B35FE38.webm
